OBJECTID_1,SRA,INCORP,HAZ_CODE,HAZ_CLASS,VH_REC,SHAPE_LENG,OBJECTID,FID_C19FHS,FHSZ_LYR,SHAPEAREA,SHAPELEN
1,LRA, ,3,Very High, ,9281.55096674,9,8,LRA,2565136.61810896,11206.0725413106
2,LRA, ,3,Very High, ,2228.15760528,10,9,LRA,210688.30427545,2689.30462932971
3,LRA, ,3,Very High, ,9259.8863656,11,10,LRA,1313968.29985146,11185.5293341792
4,LRA, ,3,Very High, ,433.08211651,12,11,LRA,0.57708641,524.530800988214
5,LRA, ,3,Very High, ,1247.52837131,13,12,LRA,39053.137528855,1508.6690187363
6,LRA, ,3,Very High, ,4632.9041474,14,13,LRA,334381.49852396,5595.76781285427
7,LRA, ,3,Very High, ,3254.36444731,15,14,LRA,434234.934097405,3932.26336747434
8,LRA, ,3,Very High, ,3660.91849568,16,15,LRA,607031.3011253,4422.4568184116
9,LRA, ,3,Very High, ,159.44528591,17,16,LRA,0.094213275,193.280422125872
10,LRA, ,3,Very High, ,1744.59491669,18,17,LRA,268468.01387566,2109.69442941487
11,LRA, ,3,Very High, ,3912.1910389,19,21,LRA,591681.75076383,4730.73253030809
12,LRA, ,3,Very High, ,637.92045064,20,22,LRA,2.40644188,770.066466403957
13,LRA, ,3,Very High,Very High,5497.26392297,,,LRA,395296.92011077,6593.86751614284
14,LRA, ,3,Very High,Very High,29731.2961092,,,LRA,9582812.16481041,35669.6151419083
15,LRA, ,3,Very High,Very High,2600.56324278,,,LRA,118562.80477263,3116.90931323903
16,LRA, ,3,Very High,Very High,12151.7276518,,,LRA,599990.44176992,14552.7031784063
17,LRA, ,3,Very High,Very High,13628.6442888,,,LRA,2012535.00767167,16322.0214066308
18,LRA, ,3,Very High,Very High,2757.09595327,,,LRA,248090.2114864,3303.41591843094
19,LRA, ,3,Very High,Very High,8777.55298634,,,LRA,1443831.15913554,10454.8174102749
20,LRA,Y,3,Very High,,1216.43091937,,,LRA,65258.91454024,1565.00133418152
21,LRA,Y,3,Very High,,13655.7889282,,,LRA,10575223.5061273,17574.5521061495
22,LRA,Y,3,Very High,,2021.32025146,,,LRA,276412.20313056,2653.59379165788
23,LRA,Y,3,Very High,,11969.4630516,,,LRA,2414857.2453828,15734.2684723232
24,LRA,Y,3,Very High,,2463.55768168,,,LRA,348243.3038704,3238.54242247389
25,LRA, ,3,Very High, ,5230.21287622,21,23,LRA,1771972.12936108,6324.72690694029
26,LRA, ,3,Very High, ,797.86038641,22,24,LRA,1.365163225,967.345342526413
27,LRA, ,3,Very High, ,14189.4171938,23,25,LRA,8740843.8447828,17159.6278001198
28,LRA, ,3,Very High, ,4946.90006544,24,26,LRA,1066433.14513292,5984.07664754209
29,LRA, ,3,Very High, ,3655.89930095,25,27,LRA,267535.697157885,4421.49786526918
30,LRA, ,3,Very High, ,2817.70268222,26,28,LRA,278729.205104625,3410.53647201331
31,LRA, ,3,Very High, ,6648.82121141,27,29,LRA,1492865.39377247,8046.60813276957
32,LRA, ,3,Very High, ,6036.72457812,28,30,LRA,924817.970561405,7307.8898390404
33,LRA, ,3,Very High, ,3234.25994252,29,31,LRA,958202.794335195,3913.20407374043
34,LRA, ,3,Very High, ,968.83185186,30,32,LRA,45623.767114295,1173.97178176973
35,LRA, ,3,Very High, ,326.07187644,31,33,LRA,0.82951237,395.457203416825
36,LRA, ,3,Very High, ,5415.46085407,1,0,LRA,1967042.75350341,6523.51855454652
37,LRA, ,3,Very High, ,2802.0708184,2,1,LRA,614866.73280459,3374.98814524615
38,LRA, ,3,Very High, ,802.12863342,3,2,LRA,47015.261957425,967.655755190409
39,LRA, ,3,Very High, ,1096.58782061,4,3,LRA,59496.756962885,1322.28799050053
40,LRA, ,3,Very High, ,59225.9774593,5,4,LRA,13673899.6551697,71500.0587211985
41,LRA, ,3,Very High, ,1255.27283904,6,5,LRA,103272.62870507,1517.02535534895
42,LRA, ,3,Very High, ,17849.1837111,7,6,LRA,7698209.62731947,21556.5542741625
43,LRA, ,3,Very High, ,877.92147886,8,7,LRA,49986.902619,1060.28823036723
44,LRA,Y,3,Very High, ,2983.55185559,56,91,LRA,417231.049751285,3606.39912769389
45,LRA,Y,3,Very High, ,3159.0531898,57,92,LRA,459910.15628536,3823.94162261324
46,LRA,Y,3,Very High, ,14207.1816635,58,93,LRA,11394942.6868882,17179.6357725693
47,LRA,Y,3,Very High, ,2906.81244424,59,94,LRA,181864.06128629,3516.07066975093
48,LRA,Y,3,Very High, ,1714.06550599,60,95,LRA,129175.49950401,2073.46538921108
49,LRA,Y,3,Very High, ,1938.90420316,61,97,LRA,198226.300648845,2345.49352972705
50,LRA,Y,3,Very High, ,1317.01919901,62,98,LRA,112317.81080518,1591.88847500462
51,LRA,Y,3,Very High, ,915.86631273,63,99,LRA,28681.625057595,1108.63468707848
52,LRA,Y,3,Very High, ,2834.69786765,73,109,LRA,451984.88779461,3435.50161441146
53,LRA,Y,3,Very High, ,205692.145542,74,110,LRA,267539792.87611,248997.657549353
54,LRA,Y,3,Very High, ,92196.7194544,75,111,LRA,64998605.0480124,111712.243258029
55,LRA,Y,3,Very High, ,3079.45770287,76,112,LRA,363403.335320855,3733.56794102026
56,LRA,Y,3,Very High, ,13844.0344852,77,113,LRA,7471414.66883317,16792.0125635739
57,LRA,Y,3,Very High, ,65096.0706882,78,114,LRA,48036376.5940173,78964.5252088577
58,LRA,Y,3,Very High, ,2603.66302281,64,100,LRA,176987.22630532,3150.78216630149
59,LRA,Y,3,Very High, ,13111.1157381,65,101,LRA,5513083.6034885,15853.3581608529
60,LRA,Y,3,Very High, ,9696.9839718,66,102,LRA,1629124.39656998,11733.6016228216
61,LRA,Y,3,Very High, ,242301.757183,67,103,LRA,433182022.05659,292969.443530478
62,LRA,Y,3,Very High, ,5418.88476104,68,104,LRA,568318.14483116,6560.91529087088
63,LRA,Y,3,Very High, ,3386.26275195,69,105,LRA,557671.350081195,4099.40465147687
64,LRA,Y,3,Very High, ,190199.099369,70,106,LRA,118676659.41383,230089.505276413
65,LRA,Y,3,Very High, ,6391.41166655,71,107,LRA,1067663.54237839,7738.14503188359
66,LRA,Y,3,Very High, ,16993.995117,72,108,LRA,6869600.78681072,20579.7240351852
67,LRA, ,3,Very High, ,3599.74096849,32,34,LRA,505500.13869581,4356.05746761464
68,LRA, ,3,Very High, ,4.13476783,33,39,LRA,0.01565556,4.99592555379515
69,LRA, ,3,Very High, ,3733.78972557,96,-1,LRA,197.75037141,4539.74288438338
70,LRA, ,3,Very High, ,72090.86943,97,-1,LRA,547497.283071355,87195.9543155034
71,LRA, ,3,Very High, ,4022.23238642,98,11,LRA,930890.12829076,4859.2066838024
72,LRA, ,3,Very High, ,2992.39015919,34,40,LRA,579269.71890529,3623.09344091428
73,LRA, ,3,Very High, ,4155.44307176,35,41,LRA,645331.84070281,5025.39134163115
74,LRA, ,3,Very High, ,123.41935327,36,43,LRA,0.20104136,149.295247061378
75,LRA, ,3,Very High, ,21.87332336,37,54,LRA,0.110999485,26.6032103408333
76,LRA,Y,3,Very High, ,17114.1099872,38,73,LRA,11345093.3606585,20526.5209617937
77,LRA,Y,3,Very High, ,1955.20981144,39,74,LRA,174477.687785505,2351.29933771354
78,LRA,Y,3,Very High, ,60469.552239,40,75,LRA,93163566.3330867,72815.1123990031
79,LRA,Y,3,Very High, ,3585.49833411,41,76,LRA,447468.70602761,4326.85934333595
80,LRA,Y,3,Very High, ,7373.23644984,48,83,LRA,1459800.74035461,8906.42326603389
81,LRA,Y,3,Very High, ,15550.7374408,49,84,LRA,4103747.38416839,18785.3350189219
82,LRA,Y,3,Very High, ,3191.37906061,50,85,LRA,500812.393175535,3859.23620913311
83,LRA,Y,3,Very High, ,7311.2340265,42,77,LRA,2086765.08385954,8824.49214801883
84,LRA,Y,3,Very High, ,1812.62752702,43,78,LRA,208644.95081954,2189.95681918296
85,LRA,Y,3,Very High, ,3699.51279529,44,79,LRA,512717.500367485,4465.51164251387
86,LRA,Y,3,Very High, ,2290.50489591,45,80,LRA,283936.807913585,2767.65630518605
87,LRA,Y,3,Very High, ,29447.7532837,46,81,LRA,10088516.3008687,35555.3589479308
88,LRA,Y,3,Very High, ,66508.6835946,47,82,LRA,32046125.1959835,80273.7047568449
89,LRA,Y,3,Very High, ,83598.2359909,51,86,LRA,69281912.2424786,100908.445157067
90,LRA,Y,3,Very High, ,42303.1571804,53,88,LRA,10471533.5774198,51106.1839862618
91,LRA,Y,3,Very High, ,3649.37772042,52,87,LRA,687384.35396759,4410.90194930604
92,LRA,Y,3,Very High, ,14207.76743,54,89,LRA,6198803.36664361,17164.6140646728
93,LRA,Y,3,Very High, ,2232.82678236,55,90,LRA,311786.709631495,2699.17000957592
94,LRA, ,3,Very High, ,1308.31234453,99,16,LRA,89083.09205322,1582.95367326838
95,LRA, ,3,Very High, ,1984.235098,100,18,LRA,178935.6252311,2396.61345699828
96,LRA, ,3,Very High, ,3602.02514141,101,19,LRA,665330.87530289,4356.25672279148
97,LRA, ,3,Very High, ,1763.46726816,102,20,LRA,150900.19018,2132.93080196992
98,LRA, ,3,Very High, ,1506.61792751,103,22,LRA,185796.89016524,1822.59065830584
99,LRA, ,3,Very High,,3831.19323446,,,LRA,565865.98822009,4841.9934219781
100,LRA, ,3,Very High,,24869.5034628,,,LRA,5672723.31738107,31463.106512276
101,LRA, ,3,Very High,,723.28669818,,,LRA,39323.29622077,915.095537477282
102,LRA,Y,3,Very High,,4790.36163142,,,LRA,1050712.64159905,6052.50776148974
103,LRA, ,3,Very High, ,3851.11168552,104,24,LRA,616109.604677575,4656.31955227319
104,LRA, ,3,Very High, ,10711.9477848,105,33,LRA,2916565.06056585,12969.7828683992
105,LRA, ,3,Very High, ,806.23867141,106,35,LRA,44925.111898,976.338192209294
106,LRA, ,3,Very High, ,2072.85281778,107,36,LRA,119836.436265585,2507.44719492076
107,LRA, ,3,Very High, ,18149.2929748,108,37,LRA,3603978.01800193,21965.0323096808
108,LRA, ,3,Very High, ,7979.21558879,109,38,LRA,1455773.71342917,9662.37086204842
109,LRA, ,3,Very High, ,1624.76907489,110,39,LRA,31899.88479587,1963.41672157562
110,LRA, ,3,Very High, ,13118.289845,111,42,LRA,5115652.77376368,15896.7890967425
111,LRA, ,3,Very High, ,3048.65452388,112,43,LRA,317364.45678517,3692.59389271676
112,LRA, ,3,Very High, ,3107.12032077,113,44,LRA,49148.14140644,3769.02334926668
113,LRA, ,3,Very High, ,4538.83060804,114,45,LRA,1255330.11735084,5500.82061413258
114,LRA, ,3,Very High, ,2531.02874079,115,46,LRA,484306.979731095,3067.33881643232
115,LRA, ,3,Very High, ,5011.9232014,116,47,LRA,39963.79866955,6088.42996548049
116,LRA, ,3,Very High, ,4476.00830425,117,48,LRA,852845.22018214,5429.41143898266
117,LRA, ,3,Very High, ,1606.06403845,118,49,LRA,47659.72446339,1945.86369300163
118,LRA, ,3,Very High, ,5584.76854208,119,50,LRA,555142.847926475,6772.84100191452
119,LRA, ,3,Very High, ,19594.027377,120,51,LRA,2748734.33847947,23767.1364342971
120,LRA, ,3,Very High, ,8706.65591025,121,52,LRA,1753298.01647547,10563.0313859298
121,LRA, ,3,Very High, ,3146.81553766,122,53,LRA,292523.16105204,3817.95020328376
122,LRA, ,3,Very High, ,2592.61205761,123,54,LRA,117816.723952945,3144.34813040951
123,LRA, ,3,Very High, ,18045.9237366,124,55,LRA,5192182.76755246,21905.3708645579
124,LRA, ,3,Very High, ,2344.12996619,125,56,LRA,211687.226504735,2845.41578068272
125,LRA, ,3,Very High, ,1724.35801874,126,57,LRA,155279.825036975,2094.03903377909
126,LRA, ,3,Very High, ,993.37314054,127,58,LRA,29985.42775422,1205.98667887049
127,LRA,Y,3,Very High, ,10389.7418845,79,115,LRA,3535538.85994097,12610.5723402939
128,LRA,Y,3,Very High, ,108927.652415,80,116,LRA,41520028.6055308,132222.25330825
129,LRA,Y,3,Very High, ,12002.4035307,81,117,LRA,2136181.1580509,14578.1290549031
130,LRA,Y,3,Very High, ,1054.77117799,82,118,LRA,59235.838013565,1280.31548700341
131,LRA,Y,3,Very High, ,71347.3788032,83,119,LRA,95339742.8831707,86748.1074738599
132,LRA, ,3,Very High,Very High,964.19356725,84,-1,LRA,39940.32535563,1166.08151237193
133,LRA, ,3,Very High,Very High,1828.48484326,85,-1,LRA,16954.03666716,2211.45072280334
134,LRA, ,3,Very High, ,11.70292118,86,-1,LRA,0.151115065,14.1257201114053
135,LRA, ,3,Very High, ,12254.9812723,87,-1,LRA,1521232.16053121,14821.3512255305
136,LRA, ,3,Very High, ,1219.66788087,88,-1,LRA,17916.56695213,1475.56028792321
137,LRA, ,3,Very High, ,4963.77278753,89,-1,LRA,116065.72811856,6029.44049238844
138,LRA, ,3,Very High, ,75767.7157136,90,-1,LRA,3183630.67033254,91934.5624254105
139,LRA, ,3,Very High, ,62.04528208,91,-1,LRA,0.086354325,75.2412801751128
140,LRA, ,3,Very High, ,12521.20054,92,-1,LRA,397417.590693345,15204.2555052471
141,LRA, ,3,Very High, ,112.73201455,93,-1,LRA,128.743893085,136.285451747584
142,LRA, ,3,Very High, ,414.10601742,94,-1,LRA,0.39945763,494.822034315807
143,LRA, ,3,Very High, ,7099.52367047,95,-1,LRA,9742.858943105,8585.5441203544
144,LRA, ,3,Very High, ,7063.39037462,128,59,LRA,891697.87274052,8577.03824015722
145,LRA, ,3,Very High, ,1875.78668513,129,60,LRA,119759.70105503,2277.12775357802
146,LRA, ,3,Very High, ,2683.99089537,130,61,LRA,266213.37591587,3259.06533798729
147,LRA, ,3,Very High,,9288.89422129,,,LRA,646447.23468995,11776.378851513
148,LRA, ,3,Very High,,3004.70482041,,,LRA,163850.085024795,3817.89909664344
149,LRA,Y,3,Very High,,28301.4758006,,,LRA,10579083.6572661,35901.8621938647
150,LRA,Y,3,Very High,,33267.9281146,,,LRA,11118720.4145458,42283.4479202931
151,LRA,Y,3,Very High,,1369.80900543,,,LRA,106572.443587325,1767.45143136041
152,LRA,Y,3,Very High,,900.42352213,,,LRA,65933.09223907,1161.68464497431
153,LRA,Y,3,Very High,,2970.28565847,,,LRA,337272.19780049,3703.23300437841
154,LRA,Y,3,Very High,,21552.766773,,,LRA,6657358.94541338,26864.6999880196
155,LRA,Y,3,Very High,,5846.03933398,,,LRA,573624.499885235,7289.80981205493
156, , ,0, ,,0,,,LRA,0,0
157, , ,0, ,,0,,,LRA,0,0
158, , ,0, ,,0,,,LRA,0,0
159, , ,0, ,,0,,,LRA,0,0
160,LRA,Y,3,Very High,,7453.48819402,,,LRA,2451097.50350312,9619.08991042921
161,LRA,Y,3,Very High,,1201.49528706,,,LRA,111140.269706715,1555.24290598757
162,LRA, ,3,Very High,,1668.83831672,,,LRA,68105.09298561,2113.13045347666
163,LRA,Y,3,Very High,,5940.99351752,,,LRA,1913920.40588638,7507.47477731203
164,LRA, ,3,Very High,,2088.534173,,,LRA,49952.045179505,2598.85134304028
165,LRA, ,3,Very High,,26751.0649316,,,LRA,7998474.04338768,33309.9364152886
166,LRA, ,3,Very High,,2436.65722096,,,LRA,171970.86362009,3034.68146715402
167,LRA, ,3,Very High,,17902.5280119,,,LRA,3237251.02136422,22307.1173964382
168,LRA, ,3,Very High,,6641.45587447,,,LRA,1726911.52487552,8275.69989127982
169,LRA, ,3,Very High,,13296.0372646,,,LRA,7805692.56269678,16567.132945959
170,LRA, ,3,Very High,,7297.82696683,,,LRA,826992.313158195,9098.32091024073
171,LRA, ,3,Very High,,3742.73814598,,,LRA,349798.828694015,4665.11430762986
172,LRA, ,3,Very High,,5114.45634533,,,LRA,947540.776863025,6377.84153095725
173,LRA, ,3,Very High,,2996.40438834,,,LRA,283041.21506453,3737.50776738781
174,LRA, ,3,Very High,,2500.02905187,,,LRA,106376.721813045,3118.4200811682
175,LRA, ,3,Very High,,1230.99675854,,,LRA,80704.2149018,1540.03211248947
176,LRA,Y,3,Very High,,9333.42582826,,,LRA,1512998.28662732,11631.7548466292
177,LRA, ,3,Very High, ,4772.08555016,131,62,LRA,611779.25333117,5794.06183184289
178,LRA, ,3,Very High, ,22044.8042023,132,63,LRA,2846816.00818401,26770.5785961525
179,LRA, ,3,Very High, ,5288.41654748,133,64,LRA,549828.356742525,6422.87070803047
180,LRA, ,3,Very High, ,6717.19526919,134,65,LRA,824339.271696165,8154.3470664223
181,LRA, ,3,Very High, ,4542.70986836,135,66,LRA,865771.365934505,5515.13817892659
182,LRA, ,3,Very High, ,10089.7186748,136,67,LRA,2354631.64353996,12248.369284782
183,LRA, ,3,Very High, ,15058.5248138,137,68,LRA,2996537.03780836,18289.4816124007
184,LRA, ,3,Very High, ,6904.42122354,139,70,LRA,1081709.86903204,8383.66106414251
185,LRA, ,3,Very High, ,2225.4069515,140,71,LRA,179664.941754625,2706.42385944512
186,LRA,Y,3,Very High, ,108.72123389,152,106,LRA,0.291646595,131.474645081988
187,LRA,Y,3,Very High, ,803.24711916,153,107,LRA,1.932624815,972.684765040201
188,LRA,Y,3,Very High, ,45.67705414,154,110,LRA,0.255669435,55.2465370449777
189,LRA,Y,3,Very High, ,1842.87543988,155,111,LRA,6.21119727,2232.59078704066
190,LRA,Y,3,Very High, ,3.13941877,156,112,LRA,0.00754177,3.81263724580593
191,LRA,Y,3,Very High, ,669.63938017,157,113,LRA,2.74006885,811.729403866394
192,LRA,Y,3,Very High, ,2499.45793972,158,114,LRA,7.454807135,3028.92316112464
193,LRA,Y,3,Very High, ,7579.56567781,159,116,LRA,33.821516495,9206.30596056428
194,LRA,Y,3,Very High, ,785.81190081,160,117,LRA,1.102248985,953.923150595462
195,LRA,Y,3,Very High, ,41.13940269,161,118,LRA,0.078545615,49.8718975131567
196,LRA, ,3,Very High,,8342.75886012,,,LRA,1651368.29371794,10536.7482146217
197,LRA, ,3,Very High, ,5013.10561026,138,69,LRA,602385.115003935,6086.6673329185
198,LRA, ,3,Very High, ,23683.0521408,141,72,LRA,3781741.08515168,28768.0924566752
199,LRA,Y,3,Very High, ,9041.37127067,142,73,LRA,18.581688675,10818.381048922
200,LRA,Y,3,Very High, ,1558.03249788,143,75,LRA,4.553346045,1875.93688610919
201,LRA,Y,3,Very High, ,2808.5459431,144,86,LRA,11.585327565,3399.41853650463
202,LRA,Y,3,Very High,Very High,7732.61374424,145,94,LRA,2776106.23578336,9352.09492869571
203,LRA,Y,3,Very High, ,95.78890301,146,94,LRA,299.57813109,116.025326901583
204,LRA,Y,3,Very High,Very High,7848.42404286,147,96,LRA,2276649.49334188,9493.258593268
205,LRA,Y,3,Very High, ,338.64010955,148,96,LRA,2622.47948812,409.554753025405
206,LRA,Y,3,Very High, ,291.65663239,149,103,LRA,1.5611585,353.440830650476
207,LRA,Y,3,Very High, ,7.15684442,150,106,LRA,0.346073065,8.64204020414958
208,LRA,Y,3,Very High, ,6273.82810151,151,106,LRA,1180416.74363417,7587.75217103023
209,LRA,Y,3,Very High,,16788.3113006,,,LRA,6817203.73657329,21223.3667516661
210,LRA,Y,3,Very High,,109648.356872,,,LRA,81201542.0010461,138901.091521547
211,LRA, ,3,Very High,,3746.46758304,,,LRA,388558.95259151,4750.58266174185
212,LRA,Y,3,Very High,,16028.0479788,,,LRA,8285743.22909683,20718.1052950146
213,LRA,Y,3,Very High,,3051.42614721,,,LRA,740132.559689035,3942.43726313911
214,LRA,Y,3,Very High,,101820.819651,,,LRA,59188361.2749371,131705.608114514
215,LRA,Y,3,Very High,,28224.9143043,,,LRA,14294110.6496711,36531.417504731
216,LRA, ,3,Very High,,920.74871279,,,LRA,30709.238859465,1111.28002130417
217,LRA, ,3,Very High,,2616.58863132,,,LRA,289121.133576065,3158.6410293546
218,LRA, ,3,Very High,,2633.65491419,,,LRA,98101.742455215,3179.02367869691
219,LRA, ,3,Very High,,5664.3077575,,,LRA,2860898.09256148,6806.74592255291
220,LRA, ,3,Very High,,2294.72616185,,,LRA,354537.54597899,2755.2640966897
221,LRA, ,3,Very High,,1119.05663271,,,LRA,104061.29282834,1346.97462334461
222,LRA, ,3,Very High,,2876.79514078,,,LRA,432808.12438179,3455.74685331883
223,LRA, ,3,Very High,,20096.5241038,,,LRA,2821852.8230596,24164.6930843696
224,LRA, ,3,Very High,,11784.6942729,,,LRA,1945799.98636459,14174.336294597
225,LRA, ,3,Very High,,2369.43709205,,,LRA,254569.024737965,2850.32471752326
226,LRA, ,3,Very High,,10046.633434,,,LRA,1701782.34112109,12103.51343017
227,LRA, ,3,Very High,,7148.72935074,,,LRA,1751314.14229809,8622.61997479222
228,LRA,Y,3,Very High,,17768.8976514,,,LRA,9662957.40504655,21333.7862804652
229,LRA,Y,3,Very High,,18803.7441316,,,LRA,6103786.4766996,22567.9724893568
230,LRA,Y,3,Very High,,78999.5163165,,,LRA,49693297.691132,94990.4240205481
231,LRA,Y,3,Very High,,68096.097055,,,LRA,60867787.1986861,81877.8261521209
232,LRA,Y,3,Very High,,19744.6006106,,,LRA,7503790.93207093,23767.6466413765
233,LRA,Y,3,Very High,,100839.936624,,,LRA,59123181.3338197,121306.32895927
234,LRA,Y,3,Very High,,43903.4511116,,,LRA,21623948.9536931,52879.0849418804
235,LRA,Y,3,Very High,,3854.73421048,,,LRA,366092.13881488,4632.81541261912
236,LRA, ,3,Very High,,1073.49001459,,,LRA,74818.25614303,1384.83463809176
237,LRA, ,3,Very High,,2529.46105619,,,LRA,693599.702435215,3263.40852214584
238,LRA, ,3,Very High,,3175.94303192,,,LRA,248656.94524989,4098.88174663666
239,LRA, ,3,Very High,,1316.66465098,,,LRA,130230.01196059,1699.94442982954
240,LRA, ,3,Very High,,1188.17219375,,,LRA,85830.887888225,1535.05085065018
241,LRA, ,3,Very High,,1342.04445159,,,LRA,94319.308132605,1734.17053023631
242,LRA, ,3,Very High,,3971.94567776,,,LRA,937512.031076065,5132.79939325682
243,LRA, ,3,Very High,,22873.4276945,,,LRA,1236183.14414531,29591.3816739066
244,LRA, ,3,Very High,,7810.13660688,,,LRA,441213.163495565,10094.2679343288
245,LRA,Y,3,Very High,,10096.567013,,,LRA,2187210.57430347,12984.9605708548
246,LRA,Y,3,Very High,,2368.569585,,,LRA,502986.445953825,3053.51351087843
247,LRA,Y,3,Very High,,1102.8877202,,,LRA,112311.18010957,1422.39750831379
248,LRA,Y,3,Very High,,16760.0333153,,,LRA,5410697.87820717,21614.5703352515
249,LRA, ,3,Very High,,1112.72986384,,,LRA,99186.44665783,1449.8549596901
250,LRA, ,3,Very High,,977.73313737,,,LRA,13126.75531693,1218.71970698228
251,LRA, ,3,Very High,,9259.41021335,,,LRA,1477474.89074462,11818.1149234394
252,LRA, ,3,Very High,,1198.44022592,,,LRA,97440.1200306,1534.02735960566
253,LRA,Y,3,Very High,,1045.82100925,,,LRA,44987.09518589,1335.27419198015
254,LRA,Y,3,Very High,,2774.61844449,,,LRA,576728.16596917,3550.48588836697
255,LRA,Y,3,Very High,,8166.1694743,,,LRA,2451813.16080193,10450.8587829696
256,LRA, ,3,Very High,,3184.10670379,,,LRA,844468.19537605,4113.332713402
257,LRA, ,3,Very High,,834.40174748,,,LRA,47130.23144073,1078.07068702561
258,LRA, ,3,Very High,,1974.62216716,,,LRA,121522.6239626,2550.50395630269
259,LRA, ,3,Very High,,1892.99141097,,,LRA,161468.47606755,2448.38894522673
260,LRA, ,3,Very High,,3297.09020208,,,LRA,495569.04951458,4263.44611643658
261,LRA, ,3,Very High,,2593.7497564,,,LRA,281418.86133382,3354.79655168042
262,LRA,Y,3,Very High,,4563.49088388,,,LRA,811583.256891045,5895.06093150834
263,LRA,Y,3,Very High,,8365.56655617,,,LRA,991975.010364795,10805.3914399966
264,LRA,Y,3,Very High,,4446.39247391,,,LRA,1126463.33999954,5742.01406107943
265,LRA,Y,3,Very High,,1570.27531676,,,LRA,144048.67003966,2028.97440126621
266,LRA,Y,3,Very High,,4239.25238379,,,LRA,494623.21745337,5478.52551855539
267,LRA,Y,3,Very High,,4599.86257057,,,LRA,950372.78394688,5942.10839947117
268,LRA,Y,3,Very High,,16123.3112159,,,LRA,5923266.36249607,20827.6834707394
269,LRA,Y,3,Very High,,7984.8343423,,,LRA,2010572.08864936,9578.73587166774
270,LRA,Y,3,Very High,,4257.4922272,,,LRA,358334.30748278,5121.14011114086
271,LRA,Y,3,Very High,,901.30668155,,,LRA,38304.560482385,1081.78585138656
272,LRA,Y,3,Very High,,5891.06224889,,,LRA,917236.006862935,7075.83706071517
273,LRA,Y,3,Very High,,16329.7161972,,,LRA,8076009.52349517,19692.1771784036
274,LRA,Y,3,Very High,,103775.404433,,,LRA,82496352.2927345,125096.82342095
275,LRA,Y,3,Very High,,51105.8756247,,,LRA,21252761.4366795,61643.8816619323
276,LRA, ,3,Very High,,3117.08180914,,,LRA,45617.362900975,4013.21982902123
277,LRA, ,3,Very High,,1751.31609031,,,LRA,301758.32398562,2256.69314896808
278,LRA, ,3,Very High,,10898.2107217,,,LRA,2269954.54058171,13117.1977152183
279,LRA, ,3,Very High,,8946.80836218,,,LRA,1065623.90731008,10765.7065002698
280,LRA, ,3,Very High,,1705.94461015,,,LRA,102356.66177309,2055.18241528642
281,LRA, ,3,Very High,,605.8135144,,,LRA,32509.26917433,730.323147596968
282,LRA, ,3,Very High,,4068.01690355,,,LRA,352341.394324725,4901.71128379629
283,LRA, ,3,Very High,,11286.2314373,,,LRA,1368142.56053749,13596.2015218719
284,LRA, ,3,Very High,,3825.32504112,,,LRA,358252.655676965,4608.94595574701
285,LRA, ,3,Very High,,15101.1277389,,,LRA,1568455.65766339,18196.4220093504
286,LRA, ,3,Very High,,8495.70363636,,,LRA,1019447.45432881,10245.9736958914
287,LRA, ,3,Very High,,7120.19770811,,,LRA,1127576.13884695,8567.0620778046
288,LRA, ,3,Very High,,6047.12042721,,,LRA,1475629.56904628,7278.40006519224
289,LRA, ,3,Very High,,3485.01888164,,,LRA,412038.146560955,4191.77693291678
290,LRA, ,3,Very High,,1179.79511773,,,LRA,79164.161947715,1421.45360082141
291,LRA, ,3,Very High,,9009.75480185,,,LRA,2023238.65595392,10843.9973213708
292,LRA, ,3,Very High,,943.78707975,,,LRA,37593.911173905,1137.90076809277
293,LRA, ,3,Very High,,197575.553541,,,LRA,179166050.301434,237701.965658354
294,LRA, ,3,Very High,,21963.0732322,,,LRA,3560249.55510095,26435.0700671153
295,LRA, ,3,Very High,,1542.92920206,,,LRA,133008.975912825,1860.06290350213
296,LRA, ,3,Very High,,7498.35443135,,,LRA,1140715.53424468,9022.95168556181
297,LRA, ,3,Very High,,5818.25489657,,,LRA,354305.76520261,7009.28882613905
298,LRA, ,3,Very High,,761.83601228,,,LRA,34384.32681484,918.252180541422
299,LRA, ,3,Very High,,6090.64888036,,,LRA,747367.484013605,7341.84362965424
300,LRA, ,3,Very High,,2879.64316879,,,LRA,428162.327619065,3469.34319884742
301,LRA, ,3,Very High,,4636.74801931,,,LRA,514933.70630802,5584.4061806312
302,LRA, ,3,Very High,,4543.64755651,,,LRA,450454.222691675,5471.19719565826
303,LRA, ,3,Very High,,1570.75969528,,,LRA,200875.47627075,1890.83262621533
304,LRA, ,3,Very High,,1585.08121387,,,LRA,227814.3521706,1909.58260037787
305,LRA, ,3,Very High,,6573.99798507,,,LRA,707938.502331175,8577.82393735106
306,LRA, ,3,Very High,,9413.98087334,,,LRA,1386388.67066483,12279.767861048
307,LRA, ,3,Very High,,1766.41703032,,,LRA,192475.91432358,2315.90711002572
308,LRA,Y,3,Very High,,2288.43198933,,,LRA,268671.69475506,2981.13173041439
309,LRA,Y,3,Very High,,2364.86119415,,,LRA,302619.79605,3079.4013301367
310,LRA,Y,3,Very High,,620.14088195,,,LRA,36155.870387565,808.276105940301
311,LRA,Y,3,Very High,,12548.3815919,,,LRA,13909510.6336157,16350.5646353224
312,LRA, ,3,Very High,,2239.42109696,,,LRA,310724.771058135,2704.56958205375
313,LRA, ,3,Very High,,796.36143614,,,LRA,57817.15534576,961.963876981577
314,LRA, ,3,Very High,,1727.51186553,,,LRA,57727.468134405,2087.8212041712
315,LRA, ,3,Very High,,1960.92770139,,,LRA,223404.547884955,2367.32826773684
316,LRA, ,3,Very High,,2369.26082951,,,LRA,82760.819088145,2859.67227184615
317,LRA, ,3,Very High,,3419.75214179,,,LRA,358212.72138872,4120.46862933986
318,LRA, ,3,Very High,,1991.51707192,,,LRA,197610.983991005,2405.59392218225
319,LRA, ,3,Very High,,1322.74724367,,,LRA,32067.50149057,1598.38773732334
320,LRA, ,3,Very High,,3469.32988919,,,LRA,154826.758705475,4187.70973511328
321,LRA, ,3,Very High,,4729.81670912,,,LRA,362651.72706167,5713.12465155237
322,LRA, ,3,Very High,,2896.37499101,,,LRA,361309.09977184,3483.52703138156
323,LRA, ,3,Very High,,12862.199273,,,LRA,5255113.45957456,15473.7601214784
324,LRA, ,3,Very High,,4876.4033905,,,LRA,474645.404164625,5880.04817222288
325,LRA, ,3,Very High,,4848.21201612,,,LRA,1318031.27916541,5845.34076622024
326,LRA, ,3,Very High,,690.72902225,,,LRA,32900.094535295,832.251760786843
327,LRA, ,3,Very High,,26599.6984906,,,LRA,10613176.9578914,32084.6056782645
328,LRA, ,3,Very High,,3354.56645225,,,LRA,495696.099717365,4046.38819047903
329,LRA, ,3,Very High,,693.54493382,,,LRA,36530.694407825,837.43717872744
330,LRA, ,3,Very High,,3714.73591723,,,LRA,560746.25439881,4483.83200539843
331,LRA, ,3,Very High,,6579.46420104,,,LRA,1948462.0602358,7911.34562019628
332,LRA, ,3,Very High,,3007.3552455,,,LRA,260128.682530715,3616.67428029969
333,LRA, ,3,Very High,,2471.6874483,,,LRA,297118.6430655,2973.99432625329
334,LRA, ,3,Very High,,23956.0921229,,,LRA,8329632.64074583,28815.194993618
335,LRA, ,3,Very High,,1233.74965922,,,LRA,105355.487261315,1483.24785718153
336,LRA, ,3,Very High,,9154.8781132,,,LRA,1804283.61425622,11009.6472897442
337,LRA, ,3,Very High,,1308.97650186,,,LRA,50639.33790404,1574.8755124484
338,LRA, ,3,Very High,,1014.36993531,,,LRA,48774.37391553,1220.44212768985
339,LRA, ,3,Very High,,3056.92031142,,,LRA,94753.592505635,3676.16859288953
340,LRA, ,3,Very High,,6831.92422374,,,LRA,1047040.53285872,8219.59978020597
341,LRA, ,3,Very High,,2417.95415755,,,LRA,462761.296883385,2907.88731706981
342,LRA, ,3,Very High,,2896.08151643,,,LRA,465236.84940407,3486.96451819109
343,LRA, ,3,Very High,,1058.23016134,,,LRA,78561.272223915,1273.47929088459
344,LRA, ,3,Very High,,1074.37092584,,,LRA,46613.68663134,1291.72340048362
345,LRA, ,3,Very High,,2707.05387871,,,LRA,226159.434567325,3254.24142956356
346,LRA, ,3,Very High,,1502.70289948,,,LRA,114102.629968805,1810.083761889
347,LRA, ,3,Very High,,1440.09383851,,,LRA,98958.53139535,1732.48985918234
348,LRA, ,3,Very High,,1511.02628915,,,LRA,97276.245470835,1818.71379358709
349,LRA, ,3,Very High,,1969.48261982,,,LRA,34964.932379425,2368.86736090371
350,LRA, ,3,Very High,,16611.2476805,,,LRA,2904167.37856666,19989.871858838
351,LRA, ,3,Very High,,24885.5097534,,,LRA,7394257.16126779,30050.9590704501
352,LRA, ,3,Very High,,7844.47234797,,,LRA,2057355.5256059,9446.9176569272
353,LRA,Y,3,Very High,,1264.78831039,,,LRA,123066.66475031,1517.20699916901
354,LRA,Y,3,Very High,,5014.68437549,,,LRA,569446.401945705,6018.40254446037
355,LRA,Y,3,Very High,,39305.8492187,,,LRA,13934005.9419573,47195.4499122175
356,LRA,Y,3,Very High,,588.59878306,,,LRA,31060.647387895,706.99827566485
357,LRA,Y,3,Very High,,11622.5278539,,,LRA,1530352.06564281,13964.5460401263
358,LRA,Y,3,Very High,,9709.17480093,,,LRA,2562977.37998935,11665.7816765488
359,LRA,Y,3,Very High,,5955.30692122,,,LRA,928610.979852145,7150.77222348124
360,LRA,Y,3,Very High,,42540.9667079,,,LRA,17983149.0632146,51132.2553803627
361,LRA,Y,3,Very High,,6292.1222577,,,LRA,1212858.7813087,7573.8753645272
362,LRA,Y,3,Very High,,4625.49823225,,,LRA,1219571.71161321,5561.40496472696
363,LRA,Y,3,Very High,,11980.3736833,,,LRA,6696311.77672472,14421.1198618846
364,LRA,Y,3,Very High,,4015.79039326,,,LRA,1164834.7583905,4827.58059305017
365,LRA,Y,3,Very High,,6936.77160467,,,LRA,2640556.59397339,8345.21807418967
366,LRA,Y,3,Very High,,10603.7998425,,,LRA,2632465.90646678,12752.8689731589
367,LRA,Y,3,Very High,,1525.24089744,,,LRA,210425.919157395,1835.21144996806
368,LRA,Y,3,Very High,,4393.03245644,,,LRA,782452.46387683,5285.19561130974
369,LRA,Y,3,Very High,,1605.60891924,,,LRA,233202.678351465,1931.64792998379
370,LRA,Y,3,Very High,,2682.7578981,,,LRA,282252.981142995,3229.71497428806
371,LRA,Y,3,Very High,,1368.93451561,,,LRA,52682.185570475,1647.59969993575
372,LRA,Y,3,Very High,,1605.97668011,,,LRA,233327.47416353,1932.17813308793
373,LRA,Y,3,Very High,,4038.17846651,,,LRA,1178723.57248004,4861.41115733413
374,LRA,Y,3,Very High,,2979.79416768,,,LRA,486524.24450033,3586.47967425327
375,LRA,Y,3,Very High,,1366.75777779,,,LRA,33867.684128235,1645.72598687123
376,LRA,Y,3,Very High,,2753.26348981,,,LRA,47345.9448826,3317.29913186863
377,LRA, ,3,Very High,,2461.50469578,,,LRA,394489.651547105,2968.3940556669
378,LRA, ,3,Very High,,3127.73905049,,,LRA,487904.54575459,3748.77269561943
379,LRA, ,3,Very High,,17437.6135218,,,LRA,3126520.91225368,20924.1850312678
380,LRA, ,3,Very High,,1289.34277094,,,LRA,155321.636902325,1547.3214578634
381,LRA, ,3,Very High,,1415.48840538,,,LRA,179916.09505527,1699.09407188274
382,LRA, ,3,Very High,,1640.69857971,,,LRA,241203.89430695,1970.23375524021
383,LRA, ,3,Very High,,1623.35090612,,,LRA,237208.078381545,1949.10258957451
384,LRA, ,3,Very High,,6037.53458081,,,LRA,407046.321501665,7255.2978014392
385,LRA, ,3,Very High,,5498.33422152,,,LRA,1312456.17960842,6608.59434253715
386,LRA, ,3,Very High,,1309.02626497,,,LRA,147227.78868882,1574.90299805934
387,LRA, ,3,Very High,,5734.56429032,,,LRA,614094.57925579,6895.95734628366
388,LRA, ,3,Very High,,1516.12933584,,,LRA,207656.1956934,1823.01599461701
389,LRA, ,3,Very High,,1331.84518197,,,LRA,157400.856250005,1602.09230215574
390,LRA, ,3,Very High,,911.56445482,,,LRA,73110.615714815,1096.6119731229
391,LRA,Y,3,Very High,,10705.9855085,,,LRA,2595943.68080556,12889.4990153765
392,LRA,Y,3,Very High,,11743.5011856,,,LRA,6014368.63006768,14136.8827562736
393,LRA,Y,3,Very High,,2426.36998954,,,LRA,473938.678352915,2917.76008997455
394,LRA,Y,3,Very High,,2991.59384444,,,LRA,232729.108485005,3602.33251451749
395,LRA,Y,3,Very High,,6272.57240221,,,LRA,1568735.58506028,7559.44698053704
396,LRA,Y,3,Very High,,3528.28283007,,,LRA,350621.68950613,4255.28960395307
397,LRA,Y,3,Very High,,2229.8748494,,,LRA,306529.944653155,2691.65023424037
398,LRA,Y,3,Very High,,29402.5867291,,,LRA,12288172.7453927,35478.863193275
399,LRA,Y,3,Very High,,1872.27688182,,,LRA,120653.515379935,2262.1908119147
400,LRA,Y,3,Very High,,1959.90244534,,,LRA,209718.439434395,2368.46442732444
401,LRA,Y,3,Very High,,1184.70067104,,,LRA,68552.124469595,1429.57411696294
402,LRA,Y,3,Very High,,1570.35087218,,,LRA,77852.826822375,1893.91406341026
403,LRA,Y,3,Very High,,54712.0521076,,,LRA,17849612.9400593,66026.7112587678
404,LRA,Y,3,Very High,,10091.5693717,,,LRA,1399511.9413143,12151.8036679617
405,LRA,Y,3,Very High,,39683.6093083,,,LRA,40772591.0302623,47768.1195883444
406,LRA,Y,3,Very High,,7205.81937102,,,LRA,966897.80388361,8670.83529913674
407,LRA,Y,3,Very High,,1811.2482985,,,LRA,132884.50941631,2181.17732121507
408,LRA,Y,3,Very High,,10356.772748,,,LRA,1990885.26861311,12469.8823644275
409,LRA,Y,3,Very High,,933.14994954,,,LRA,41629.56398012,1123.38300321998
410,LRA,Y,3,Very High,,583.61049751,,,LRA,27694.378717395,703.375685869374
411,LRA,Y,3,Very High,,10283.4494064,,,LRA,4218158.00705345,12382.7066737323
412,LRA,Y,3,Very High,,1165.65873188,,,LRA,61786.436952475,1405.74909960492
413,LRA,Y,3,Very High,,1671.30932895,,,LRA,181969.656728475,2012.79672860294
414,LRA,Y,3,Very High,,1983.04355463,,,LRA,147161.707849885,2386.22708659185
415,LRA,Y,3,Very High,,1112.50972229,,,LRA,61709.221162245,1340.37751597187
416,LRA,Y,3,Very High,,1152.80386556,,,LRA,86106.30081253,1388.17662243153
417,LRA,Y,3,Very High,,5534.6426157,,,LRA,943486.75748839,6668.18670729789
418,LRA,Y,3,Very High,,10608.168551,,,LRA,3031258.57479127,12783.4867734467
419,LRA,Y,3,Very High,,2385.62958408,,,LRA,339938.56717337,2879.22448388413
420,LRA,Y,3,Very High,,1340.5114911,,,LRA,136894.27274654,1618.98662833904
421,LRA,Y,3,Very High,,30713.2834373,,,LRA,13440276.5079869,37045.1998442231
422,LRA,Y,3,Very High,,3055.88514352,,,LRA,203817.73743765,3685.66170408828
423,LRA,Y,3,Very High,,73359.0850971,,,LRA,42183436.2768597,88469.803669249
424,LRA,Y,3,Very High,,1235.82802342,,,LRA,80912.412792295,1492.21903321527
425,LRA,Y,3,Very High,,6778.00883867,,,LRA,1359131.60666746,8171.18051163475
426,LRA,Y,3,Very High,,4435.9286814,,,LRA,1115404.28051936,5352.56879111488
427,LRA,Y,3,Very High,,5857.94099273,,,LRA,839731.92947531,7070.42019652253
428,LRA,Y,3,Very High,,2530.61694601,,,LRA,108734.251784355,3053.16633477995
429,LRA,Y,3,Very High,,2249.33395893,,,LRA,238862.34235993,2715.90661760363
430,LRA,Y,3,Very High,,3039.11283755,,,LRA,460928.66272834,3670.91282270058
431,LRA,Y,3,Very High,,2213.44657325,,,LRA,318530.296678045,2672.14271998652
432,LRA,Y,3,Very High,,20293.7636787,,,LRA,7698780.47577395,24499.7749972363
433,LRA,Y,3,Very High,,1595.26114927,,,LRA,89017.94433977,1926.34798418002
434,LRA,Y,3,Very High,,1184.08186792,,,LRA,66024.423051105,1429.5018898917
435,LRA,Y,3,Very High,,14186.1660088,,,LRA,2753798.86805643,17092.0370882222
436,LRA,Y,3,Very High,,10627.5651129,,,LRA,4894340.63811378,12806.34460784
437,LRA,Y,3,Very High,,1371.3437512,,,LRA,106881.05348596,1653.32285569963
438,LRA,Y,3,Very High,,11014.8613181,,,LRA,1806780.16453579,13271.2779447818
439,LRA,Y,3,Very High,,22837.0476126,,,LRA,8859129.00878552,27516.3335425557
440,LRA,Y,3,Very High,,3552.2120334,,,LRA,189589.78267068,4284.82689885394
441,LRA,Y,3,Very High,,18962.0907231,,,LRA,4495376.31898399,22840.0682250246
442,LRA,Y,3,Very High,,2595.32426032,,,LRA,210639.532783765,3133.992746444
443,LRA,Y,3,Very High,,5078.40631398,,,LRA,1124914.3156769,6132.37138375011
444,LRA,Y,3,Very High,,1362.99350655,,,LRA,74455.9218447,1646.71354320428
445,LRA,Y,3,Very High,,12561.5794875,,,LRA,3430415.9790211,15165.7057138933
446,LRA,Y,3,Very High,,64860.9743938,,,LRA,38306241.356955,78304.5250537244
447,LRA,Y,3,Very High,,7782.62632845,,,LRA,1819685.35184497,9381.87280866461
448,LRA,Y,3,Very High,,6359.34936747,,,LRA,1688594.51028331,7659.2540484476
449,LRA,Y,3,Very High,,1166.75109194,,,LRA,62219.543954845,1407.33402168122
450,LRA,Y,3,Very High,,21340.7203503,,,LRA,7724405.96863192,25737.803296676
451,LRA,Y,3,Very High,,881.19946111,,,LRA,52824.360628615,1063.63723426939
452,LRA,Y,3,Very High,,47344.4325935,,,LRA,21783828.8175589,57053.5036793859
453,LRA,Y,3,Very High,,31987.0737297,,,LRA,11709345.0156873,38558.891063043
454,LRA,Y,3,Very High,,876.69010215,,,LRA,47643.20625853,1056.08905862912
455,LRA,Y,3,Very High,,4375.73548692,,,LRA,512542.85514529,5274.119149248
456,LRA,Y,3,Very High,,4267.89012343,,,LRA,586838.05180017,5149.05476653994
457,LRA,Y,3,Very High,,3485.8317186,,,LRA,569844.70130525,4207.4771151443
458,LRA,Y,3,Very High,,21470.6267249,,,LRA,18623661.9173632,25913.6839673518
459,LRA,Y,3,Very High,,7114.24696013,,,LRA,1250371.17044537,8598.49680452561
460,LRA,Y,3,Very High,,43938.1028057,,,LRA,15092279.4843619,53060.086510835
461,LRA,Y,3,Very High,,6408.15367512,,,LRA,3417672.35836168,7741.7979101922
462,LRA,Y,3,Very High,,7993.69994765,,,LRA,2668020.40464074,9645.10841222728
463,LRA,Y,3,Very High,,4000.74251667,,,LRA,885230.87826299,4827.42008613385
464,LRA,Y,3,Very High,,5130.84309511,,,LRA,874390.70698092,6189.33474541432
465,LRA,Y,3,Very High,,684.87991185,,,LRA,41187.610549555,826.888640396933
466,LRA,Y,3,Very High,,1580.87914283,,,LRA,166054.90562546,1908.14065201598
467,LRA,Y,3,Very High,,28380.082735,,,LRA,13126872.0614718,34259.6844103829
468,LRA,Y,3,Very High,,16144.8266197,,,LRA,5518398.60684334,19485.5573029145
469,LRA,Y,3,Very High,,2949.06681639,,,LRA,317793.617150635,3559.69628916432
470,LRA, ,3,Very High,,1424.3912007,,,LRA,112943.812377835,1701.68658758943
471,LRA, ,3,Very High,,1625.22222071,,,LRA,133801.32780462,1944.63090690807
472,LRA, ,3,Very High,,4478.36320309,,,LRA,745330.14349045,5345.00611674866
473,LRA, ,3,Very High,,1025.40540101,,,LRA,86791.33718913,1225.75300725613
474,LRA, ,3,Very High,,6157.94306732,,,LRA,888216.21742979,7347.84361412013
475,LRA,Y,3,Very High,,1318.23853455,,,LRA,96687.776240995,1592.95713644464
476,LRA,Y,3,Very High,,14190.5890079,,,LRA,6161349.51493726,17148.7388503612
477,LRA,Y,3,Very High,,37526.2014009,,,LRA,24005281.9442819,45322.3424740383
478,LRA,Y,3,Very High,,31269.7115148,,,LRA,19122530.3139789,37754.8024525156
479,LRA,Y,3,Very High,,2945.8588112,,,LRA,165076.03271797,3557.07655420759
480,LRA,Y,3,Very High,,2330.61611002,,,LRA,304324.66455401,2818.10205366435
481,LRA,Y,3,Very High,,19035.0073851,,,LRA,7181782.21238441,23032.3799067878
482,LRA,Y,3,Very High,,44813.9024196,,,LRA,22952720.2404645,54186.5903076806
483,LRA,Y,3,Very High,,16116.8261582,,,LRA,4373813.3479463,19501.6293521198
484,LRA,Y,3,Very High,,8218.07037648,,,LRA,1732450.09241065,9949.2933788805
485,LRA,Y,3,Very High,,26979.0508771,,,LRA,11323682.9642919,32645.0558033078
486,LRA,Y,3,Very High,,1538.73769203,,,LRA,149423.09877209,1859.23478745101
487,LRA,Y,3,Very High,,3608.11286516,,,LRA,754749.185000145,4360.33562928454
488,LRA,Y,3,Very High,,2903.39662614,,,LRA,312430.632841315,3512.06486878934
489,LRA,Y,3,Very High,,714.07885111,,,LRA,46267.202235005,863.382358113932
490,LRA,Y,3,Very High,,750.65726158,,,LRA,51285.717889525,907.591495766859
491,LRA,Y,3,Very High,,2615.65126714,,,LRA,195875.097293545,3161.91064142021
492,LRA,Y,3,Very High,,1009.55363212,,,LRA,36715.279315145,1219.03821616064
493,LRA,Y,3,Very High,,3696.25248251,,,LRA,311352.39367927,4468.8457477599
494,LRA,Y,3,Very High,,1764.37144806,,,LRA,154614.25405535,2133.11912845419
495,LRA,Y,3,Very High,,6878.61949722,,,LRA,1154739.38354027,8318.45331672397
496,LRA,Y,3,Very High,,4514.56114334,,,LRA,472050.84729719,5459.7632864039
497,LRA,Y,3,Very High,,7577.88129657,,,LRA,1384424.49765625,9163.88533176489
498,LRA,Y,3,Very High,,19190.9018311,,,LRA,3265418.04298957,23230.4341135161
499,LRA,Y,3,Very High,,54339.2474288,,,LRA,35581938.162237,65683.7270286016
500,LRA,Y,3,Very High,,66231.5168856,,,LRA,31182362.4269391,80116.8038140895
501,LRA,Y,3,Very High,,15842.5230018,,,LRA,2668303.6198372,19121.3256957302
502,LRA, ,3,Very High,,7346.71773044,,,LRA,2413091.18783025,9369.02027991367
503,LRA, ,3,Very High,,11739.6660379,,,LRA,8059575.72533343,14179.0671105031
504,LRA, ,3,Very High,,11259.4606444,,,LRA,5182384.93677353,13600.5176693582
505,LRA, ,3,Very High,,733.03027195,,,LRA,40500.974826615,887.024846800113
506,LRA, ,3,Very High,,664.20247036,,,LRA,38873.9448555,803.239840403374
507,LRA, ,3,Very High,,1231.99381039,,,LRA,62702.480213435,1488.56331294684
508,LRA, ,3,Very High,,1450.109888,,,LRA,139007.579599615,1755.17674040974
509,LRA, ,3,Very High,,6153.26843516,,,LRA,3489063.34729694,7444.61583562001
510,LRA, ,3,Very High,,11561.2938283,,,LRA,1492392.97018622,13980.7349575798
511,LRA, ,3,Very High,,3585.85449274,,,LRA,288179.64707208,4335.219058545
512,LRA, ,3,Very High,,8895.46205797,,,LRA,1794074.18301398,10764.0852031228
513,LRA, ,3,Very High,,1995.71183928,,,LRA,207677.87749781,2416.03210645738
514,LRA, ,3,Very High,,5577.52816712,,,LRA,1842251.71306576,6743.53698548547
515,LRA, ,3,Very High,,2799.360067,,,LRA,473700.02137907,3388.62044604725
516,LRA, ,3,Very High,,1579.76136172,,,LRA,228436.384432005,1911.97779873201
517,LRA, ,3,Very High,,1597.43340928,,,LRA,233197.288290515,1933.55266323973
518,LRA, ,3,Very High,,752.03296952,,,LRA,42464.236348965,909.27874462532
519,LRA, ,3,Very High,,1675.07407344,,,LRA,254888.577149245,2027.41847466527
520,LRA, ,3,Very High,,1604.13112042,,,LRA,235582.88183904,1941.72128728114
521,LRA, ,3,Very High,,682.28333273,,,LRA,34184.429907085,825.206985267991
522,LRA, ,3,Very High,,2157.395417,,,LRA,342162.775816845,2614.07905995345
523,LRA, ,3,Very High,,611.89149275,,,LRA,30950.93740779,741.345585768586
524,LRA, ,3,Very High,,1853.30298845,,,LRA,214552.33410537,2244.0127916983
525,LRA, ,3,Very High,,1412.73352279,,,LRA,75914.574140105,1710.31554981035
526,LRA, ,3,Very High,,4364.05226993,,,LRA,1321790.24881789,5283.57274622577
527,LRA, ,3,Very High,,3204.21636288,,,LRA,532422.415858405,3881.44965049542
528,LRA, ,3,Very High,,5356.84278799,,,LRA,527269.14873036,6494.19059293364
529,LRA, ,3,Very High,,1644.51403935,,,LRA,147389.89947505,1994.62084649919
530,LRA, ,3,Very High,,5006.38417608,,,LRA,1189058.2689802,6067.86928861781
531,LRA, ,3,Very High,,1120.42966642,,,LRA,104015.124424775,1358.18559256748
532,LRA, ,3,Very High,,7112.17779071,,,LRA,44764.677257845,8573.58770075262
533,LRA, ,3,Very High,,2234.41053826,,,LRA,198310.068951245,2697.23080256728
534,LRA, ,3,Very High,,1947.49102921,,,LRA,158355.81771962,2354.38665967827
535,LRA, ,3,Very High,,1425.42345026,,,LRA,86079.611495585,1721.96254121419
536,LRA, ,3,Very High,,1431.91206663,,,LRA,102013.170985555,1731.05749172304
537,LRA, ,3,Very High,,18579.8507922,,,LRA,6720678.80163414,22454.4134778862
538,LRA, ,3,Very High,,3049.69172682,,,LRA,738465.26022785,3688.01461984068
539,LRA, ,3,Very High,,2478.94915973,,,LRA,189250.39069108,2995.09876310216
540,LRA, ,3,Very High,,7528.09107238,,,LRA,2226936.90818874,9105.70591239769
541,LRA,Y,3,Very High,,8434.73112174,,,LRA,925038.163733835,10172.5114587578
542,LRA,Y,3,Very High,,9739.28557659,,,LRA,3802642.47008066,11791.1810150999
543,LRA,Y,3,Very High,,3578.19356167,,,LRA,361236.18134032,4323.92459855975
544,LRA,Y,3,Very High,,5059.26207425,,,LRA,1603930.18548555,6114.66544271271
545,LRA,Y,3,Very High,,18562.0446031,,,LRA,7894470.14383229,22428.5181847938
546,LRA,Y,3,Very High,,38726.9701894,,,LRA,10841623.6383482,46784.1769940654
547,LRA,Y,3,Very High,,2184.20308753,,,LRA,203001.649487115,2639.24128734679
548,LRA,Y,3,Very High,,1518.62953061,,,LRA,163746.30420443,1835.66226535431
549,LRA, ,3,Very High,,12449.7359475,,,LRA,2331936.0995502,14877.1555990928
550,LRA, ,3,Very High,,1736.37448084,,,LRA,207701.363126315,2074.34723122645
551,LRA, ,3,Very High,,2865.58628523,,,LRA,288173.60422694,3427.61662262091
552,LRA, ,3,Very High,,2161.1311522,,,LRA,373544.935626185,2582.811988716
553,LRA,Y,3,Very High,,4720.52582171,,,LRA,749540.185985815,5613.53203144639
554,LRA,Y,3,Very High,,945.84019026,,,LRA,75520.957280725,1125.30637785409
555,LRA,Y,3,Very High,,959.66657096,,,LRA,29267.33094386,1141.14229259266
556,LRA,Y,3,Very High,,5907.60272502,,,LRA,607001.694456885,7038.08880852233
557,LRA, ,3,Very High,,778.96664438,,,LRA,31514.54790539,934.247394797331
558,LRA, ,3,Very High,,1498.68888104,,,LRA,65478.63991298,1795.00331925938
559,LRA, ,3,Very High,,1181.36025761,,,LRA,42066.20787992,1414.58875602129
560,LRA, ,3,Very High,,2613.42543644,,,LRA,220657.28553394,3132.31363455787
561,LRA, ,3,Very High,,5868.25510118,,,LRA,520847.12906653,7041.64456631371
562,LRA, ,3,Very High,,4517.13382844,,,LRA,354666.55084305,5416.34665714687
563,LRA, ,3,Very High,,1329.77180595,,,LRA,42671.837947315,1593.95973902507
564,LRA, ,3,Very High,,1864.37217426,,,LRA,65328.45105748,2232.48516284267
565,LRA, ,3,Very High,,1518.56631715,,,LRA,50836.223790725,1821.70433287557
566,LRA, ,3,Very High,,4619.85672418,,,LRA,199455.68231936,5544.06698591038
567,LRA, ,3,Very High,,1487.31459512,,,LRA,37544.62019433,1786.68350128577
568,LRA, ,3,Very High,,890.69151567,,,LRA,31668.8674248,1070.22657011534
569,LRA, ,3,Very High,,19034.1257084,,,LRA,8888418.42780938,22867.9920679192
570,LRA, ,3,Very High,,157387.806425,,,LRA,111880269.840693,188654.195941244
571,LRA, ,3,Very High,,14679.9746858,,,LRA,1582178.91056892,17591.6498743628
572,LRA,Y,3,Very High,,1235.65484801,,,LRA,86303.670754435,1469.38809130761
573,LRA,Y,3,Very High,,35510.6774343,,,LRA,18708374.294956,42146.4661310566
574,LRA,Y,3,Very High,,57569.6012145,,,LRA,51103850.8556489,68363.6241877547
575,LRA,Y,3,Very High,,27376.1564466,,,LRA,9318562.9106346,32561.4552548226
576,LRA,Y,3,Very High,,799.07606205,,,LRA,58204.053054385,950.829690561118
577,LRA,Y,3,Very High,,5513.3627373,,,LRA,769981.161627405,6554.96200088064
578,LRA,Y,3,Very High,,48539.9978053,,,LRA,8366719.36624935,57748.7727467852
579,LRA,Y,3,Very High,,3509.80568714,,,LRA,742505.44836436,4177.60959739845
580,LRA,Y,3,Very High,,8430.63031676,,,LRA,2517637.52938316,10038.841146205
581,LRA,Y,3,Very High,,12070.1342335,,,LRA,3528533.10073255,14362.2510333337
582,LRA,Y,3,Very High,,28074.4827276,,,LRA,8780803.56777646,33428.5027533337
583,LRA,Y,3,Very High,,9160.47469168,,,LRA,2291089.40008085,10911.577492723
584,LRA,Y,3,Very High,,35047.8896793,,,LRA,11095813.54868,41764.6084906773
585,LRA,Y,3,Very High,,9961.60191626,,,LRA,1530665.48375671,11878.6132597123
586,LRA,Y,3,Very High,,1216.52888175,,,LRA,113312.161046315,1491.99074739679
587,LRA,Y,3,Very High,,8497.45482597,,,LRA,1199690.53396892,10289.7923510847
588,LRA,Y,3,Very High,,11837.249664,,,LRA,3020713.61535867,14331.5188266569
589,LRA,Y,3,Very High,,3095.8897466,,,LRA,199615.36027926,3747.71319591021
590,LRA,Y,3,Very High,,58630.1489094,,,LRA,38499703.3083285,70967.3112555627
591,LRA,Y,3,Very High,,2095.37509542,,,LRA,106259.529780505,2536.44371249471
592,LRA,Y,3,Very High,,41806.8675603,,,LRA,20637632.464377,50612.4226628578
593,LRA,Y,3,Very High,,2818.496107,,,LRA,59675.240713385,3410.42171495132
594,LRA,Y,3,Very High,,1188.93132557,,,LRA,68055.322987175,1440.10682189095
595,LRA,Y,3,Very High,,7191.12432363,,,LRA,2723499.74152874,8713.62691237481
596,LRA,Y,3,Very High,,8270.70588338,,,LRA,1322816.56148146,10026.9236009053
597,LRA,Y,3,Very High,,1655.66750231,,,LRA,171772.23725878,2009.26411233407
598,LRA, ,3,Very High,,4022.21756669,,,LRA,642119.067971075,4799.04554679762
599,LRA, ,3,Very High,,2208.92915951,,,LRA,114156.95648184,2629.0342740608
600,LRA, ,3,Very High,,1925.52231567,,,LRA,151434.82715328,2290.90305082474
601,LRA, ,3,Very High,,26822.9689068,,,LRA,4132801.57039369,31927.84390041
602,LRA, ,3,Very High,,3436.44774828,,,LRA,435762.247828995,4093.1274578221
603,LRA, ,3,Very High,,1282.83584198,,,LRA,67214.09168199,1529.27237207258
604,LRA, ,3,Very High,,1652.36499347,,,LRA,109527.87362255,1970.22803481607
605,LRA, ,3,Very High,,5743.68100877,,,LRA,783651.817930585,6848.40994124989
606,LRA, ,3,Very High,,2654.64579326,,,LRA,345191.590614205,3163.31838480613
607,LRA, ,3,Very High,,1224.15774809,,,LRA,123863.02795822,1462.37887266651
608,LRA,Y,3,Very High,,6851.54460151,,,LRA,1041456.23707416,8194.26131657872
609,LRA,Y,3,Very High,,1725.71810313,,,LRA,247354.66563187,2063.88293617634
610,LRA,Y,3,Very High,,1156.33688072,,,LRA,62597.900472915,1381.87123882909
611,LRA,Y,3,Very High,,611.84507223,,,LRA,30585.828104055,731.258404218459
612,LRA, ,3,Very High,,931.37231475,,,LRA,64762.40346054,1108.78597663592
613,LRA, ,3,Very High,,1285.86153823,,,LRA,101489.612870515,1530.78100391262
614,LRA, ,3,Very High,,10039.0570592,,,LRA,1235040.93652554,11966.2563468443
615,LRA, ,3,Very High,,1068.77123459,,,LRA,36627.32812586,1274.08625737991
616,LRA, ,3,Very High,,17518.7996548,,,LRA,6338022.809869,20874.3732070334
617,LRA, ,3,Very High,,3542.34468326,,,LRA,271634.95896264,4232.48102779218
618,LRA, ,3,Very High,,1098.25605637,,,LRA,68817.9640979,1314.7678970962
619,LRA, ,3,Very High,,1628.48958799,,,LRA,235969.12779461,1945.42781917326
620,LRA, ,3,Very High,,1468.57438483,,,LRA,88375.01682313,1754.90296186668
621,LRA, ,3,Very High,,974.88597145,,,LRA,41253.200813625,1164.96487380645
622,LRA, ,3,Very High,,6526.84273327,,,LRA,2284286.88279775,7800.08042068139
623,LRA, ,3,Very High,,1741.07957124,,,LRA,270541.762307685,2080.90522381551
624,LRA, ,3,Very High,,2281.63732941,,,LRA,349867.31737656,2726.81090270147
625,LRA, ,3,Very High,,11216.3504835,,,LRA,1918409.9015241,13405.9640266366
626,LRA, ,3,Very High,,787.38778853,,,LRA,55339.257129485,941.179230465765
627,LRA, ,3,Very High,,2959.24544134,,,LRA,274392.96229598,3541.66643999323
628,LRA, ,3,Very High,,1176.88006238,,,LRA,79344.3604695,1405.6019818224
629,LRA, ,3,Very High,,3553.09837123,,,LRA,403456.845160465,4311.89077915352
630,LRA, ,3,Very High,,1369.45883541,,,LRA,41701.530490815,1662.75307452953
631,LRA, ,3,Very High,,920.6324143,,,LRA,35149.564472445,1117.74673208255
632,LRA, ,3,Very High,,3633.34923596,,,LRA,916411.818727005,4417.5678605678
633,LRA, ,3,Very High,,10057.4027494,,,LRA,2466569.51700059,12243.8097908355
634,LRA, ,3,Very High,,4222.46951125,,,LRA,596256.851374695,5147.07848426054
635,LRA, ,3,Very High,,11692.4203867,,,LRA,2591282.50131551,14256.8467486131
636,LRA, ,3,Very High,,765.79633508,,,LRA,40199.99830176,933.513759255399
637,LRA, ,3,Very High,,2763.7093877,,,LRA,429738.54181397,3371.82880273514
638,LRA, ,3,Very High,,1633.07309662,,,LRA,248019.10229179,1992.65563791325
639,LRA,Y,3,Very High,,4319.30317408,,,LRA,339298.10760286,5169.10790140973
640,LRA,Y,3,Very High,,9075.59422457,,,LRA,1177592.12498013,10858.5571069008
641,LRA,Y,3,Very High,,23403.8532734,,,LRA,10801515.4088813,27991.9511440784
642,LRA,Y,3,Very High,,54311.1380643,,,LRA,22679732.0127686,64949.2183585681
643,LRA,Y,3,Very High,,3656.32430567,,,LRA,485310.32355398,4373.16629285813
644,LRA,Y,3,Very High,,4260.22973041,,,LRA,685026.941006265,5214.47665000553
645,LRA,Y,3,Very High,,6601.83538125,,,LRA,928851.13967433,7901.85239211542
646,LRA,Y,3,Very High,,1094.05004244,,,LRA,33112.730605875,1310.6152128033
647,LRA,Y,3,Very High,,6087.19758877,,,LRA,1574985.94211087,7770.59838470146
648,LRA,Y,3,Very High,,3575.36515984,,,LRA,834450.00825613,4378.28296394086
649,LRA,Y,3,Very High,,4855.03217294,,,LRA,374261.212854365,5783.59614491302
650,LRA,Y,3,Very High,,48723.2514146,,,LRA,18727037.9406475,58059.5974815412
651,LRA,Y,3,Very High,,7077.17202208,,,LRA,499317.33732881,8429.77607679274
652,LRA,Y,3,Very High,,1982.54984407,,,LRA,298070.2055414,2364.16806189467
653,LRA,Y,3,Very High,,1626.53742836,,,LRA,64555.204938885,1938.41094265663
654,LRA,Y,3,Very High,,3438.4103476,,,LRA,377632.096941925,4099.19605797842
655,LRA,Y,3,Very High,,5055.48488789,,,LRA,1212427.60555453,6025.19437449311
656,LRA,Y,3,Very High,,14816.3921094,,,LRA,7849895.05991557,17692.1493138508
657,LRA,Y,3,Very High,,19299.2978587,,,LRA,3621191.48531125,23039.8881599689
658,LRA,Y,3,Very High,,2743.79096384,,,LRA,178813.901755975,3276.39293182472
659,LRA,Y,3,Very High,,24407.6630568,,,LRA,9008261.7295958,29172.0589688539
660,LRA,Y,3,Very High,,1943.89409962,,,LRA,158954.043176575,2323.59461160213
661,LRA,Y,3,Very High,,1629.71522172,,,LRA,59279.8467757,1949.3483655565
662,LRA,Y,3,Very High,,12143.8615672,,,LRA,3520294.68997999,14516.8286320653
663,LRA,Y,3,Very High,,942.37314339,,,LRA,47784.874475125,1126.68519006269
664,LRA,Y,3,Very High,,105479.453509,,,LRA,47636286.7850776,126070.807843034
665,LRA,Y,3,Very High,,2598.91100694,,,LRA,249871.33070137,3114.69004412021
666,LRA, ,3,Very High,,5170.52062445,,,LRA,905270.88234387,6274.90327559166
667,LRA,Y,3,Very High,,1136.60929155,,,LRA,97499.99290605,1393.50618710084
668,LRA,Y,3,Very High,,8444.98363517,,,LRA,3934222.68239988,10350.8353185931
669,LRA,Y,3,Very High,,1351.23522655,,,LRA,140987.855732875,1657.78823089683
670,LRA,Y,3,Very High,,2840.19790004,,,LRA,375334.27512063,3485.40956549354
671,LRA,Y,3,Very High,,17782.3467954,,,LRA,7211293.09141976,21271.133614016
672,LRA,Y,3,Very High,,1729.0627741,,,LRA,186945.46377958,2065.97783156265
673,LRA,Y,3,Very High,,1831.68340967,,,LRA,194991.905900105,2191.15712478272
674,LRA,Y,3,Very High,,1009.49874666,,,LRA,32469.75816592,1209.06167932584
675,LRA,Y,3,Very High,,5882.28146896,,,LRA,790050.252078835,7037.31037883884
676,LRA,Y,3,Very High,,1527.32826109,,,LRA,139060.236300005,1826.0679823669
677,LRA,Y,3,Very High,,820466.486386,,,LRA,627013966.473125,978856.369946264
678,LRA,Y,3,Very High,,19599.4044364,,,LRA,4555008.72049262,23451.1336778885
679,LRA,Y,3,Very High,,3512.65766878,,,LRA,602487.027565285,4300.77783136859
680,LRA,Y,3,Very High,,8156.97029911,,,LRA,1415993.21256606,9986.07023247471
681,LRA, ,3,Very High,,7397.83389652,,,LRA,1937899.19614415,9714.64366035033
682,LRA, ,3,Very High,,1385.98460054,,,LRA,114186.94353937,1820.04060340497
683,LRA, ,3,Very High,,1030.16409082,,,LRA,108162.17461044,1353.25148100456
684,LRA, ,3,Very High,,760.67409238,,,LRA,63148.782951165,999.200988599561
685,LRA, ,3,Very High,,1327.75330418,,,LRA,51255.44314289,1746.84323100719
686,LRA,Y,3,Very High,,1113.46750521,,,LRA,88086.560286695,1353.97929662861
687,LRA,Y,3,Very High,,2612.6324129,,,LRA,222385.944542515,3181.89775092557
688,LRA, ,3,Very High,,574.26743182,,,LRA,6276.18823217,695.969167274054
689,LRA, ,3,Very High,,1386.8600561,,,LRA,161661.636459315,1743.9903150277
690,LRA, ,3,Very High,,5873.06938788,,,LRA,1494490.22656662,7381.7246889095
691,LRA, ,3,Very High,,1631.75763376,,,LRA,173468.63373316,2050.51910395537
692,LRA, ,3,Very High,,3553.37872412,,,LRA,664975.830126785,4467.69394593448
693,LRA, ,3,Very High,,1703.9658109,,,LRA,171621.25859716,2138.31189605959
694,LRA, ,3,Very High,,2815.05777648,,,LRA,471801.07026376,3534.15623886883
695,LRA, ,3,Very High,,1407.14552515,,,LRA,67279.8977609,1770.18080289606
696,LRA, ,3,Very High,,679.90320094,,,LRA,35469.702443975,855.135296338931
697,LRA, ,3,Very High,,7185.28367147,,,LRA,1971257.35395813,9040.92471494225
698,LRA,Y,3,Very High,,3483.10633984,,,LRA,719343.06556354,4371.4046544562
699,LRA,Y,3,Very High,,25043.2589,,,LRA,8979799.01786819,31437.040334926
700,LRA,Y,3,Very High,,18734.6867203,,,LRA,16319167.9873968,23524.1815519174
701,LRA,Y,3,Very High,,4289.92936938,,,LRA,579559.299987125,5395.55471205769
702,LRA,Y,3,Very High,,86854.5076693,,,LRA,45027400.8104604,109195.234935156
703,LRA,Y,3,Very High,,2491.12880985,,,LRA,340703.121651745,3058.59827829984
704,LRA,Y,3,Very High,,2643.55720104,,,LRA,388942.478004765,3248.74399807624
705,LRA,Y,3,Very High,,2002.63723785,,,LRA,132849.822445135,2461.65150114638
706,LRA,Y,3,Very High,,58706.7855084,,,LRA,18435851.2541229,72152.1643993868
707,LRA,Y,3,Very High,,9677.23235359,,,LRA,1924853.00756841,11896.7706263946
708,LRA,Y,3,Very High,,5296.97933302,,,LRA,742446.12932899,6512.70286044346
709,LRA,Y,3,Very High,,9625.70860754,,,LRA,2226087.50110699,11835.6109784303
710,LRA,Y,3,Very High,,52847.6330272,,,LRA,13957400.6422886,64980.6687564228
711,LRA,Y,3,Very High,,2328.73300976,,,LRA,309207.302594405,2864.37146201358
712,LRA, ,3,Very High,,3780.3636184,,,LRA,273598.888831135,4770.44745791621
713,LRA, ,3,Very High,,2312.25616358,,,LRA,245922.13963058,2917.88720433512
714,LRA, ,3,Very High,,3869.28085503,,,LRA,342551.320249965,4883.11235655141
715,LRA, ,3,Very High,,2554.75590803,,,LRA,180216.676933915,3223.82416674294
716,LRA, ,3,Very High,,8545.18379177,,,LRA,1238245.46994876,10783.4285348334
717,LRA, ,3,Very High,,5118.84823303,,,LRA,1335044.22909922,6460.36748052233
718,LRA, ,3,Very High,,1282.06920103,,,LRA,144510.078645255,1618.19918038187
719,LRA, ,3,Very High,,2870.19132171,,,LRA,241201.418655425,3620.90327517974
720,LRA, ,3,Very High,,2457.55476024,,,LRA,222480.808670485,3099.69688120466
721,LRA, ,3,Very High,,1666.6031095,,,LRA,128657.20254451,2101.88665852516
722,LRA, ,3,Very High,,5854.19944883,,,LRA,770095.993254845,7385.17643514085
723,LRA,Y,3,Very High,,29562.1451027,,,LRA,19141623.3734688,37246.1710567985
724,LRA,Y,3,Very High,,3451.7668935,,,LRA,447264.796438635,4353.55879716943
725,LRA,Y,3,Very High,,25849.4198408,,,LRA,6823762.00712651,32594.2627846802
726,LRA,Y,3,Very High,,28443.1861144,,,LRA,11273826.8761157,35880.8354523286
727,LRA,Y,3,Very High,,4921.97132562,,,LRA,289483.621060605,6211.91015768068
728,LRA,Y,3,Very High,,23169.5033603,,,LRA,10537413.8813888,29249.2339029262
729,LRA, ,3,Very High,,570.00439872,,,LRA,26052.398130355,718.610646393979
730,LRA,Y,3,Very High,,4068.57559037,,,LRA,316234.315191565,5133.97705695134
731,LRA,Y,3,Very High,,11417.7849477,,,LRA,4714183.22512675,14407.8375358902
732,LRA,Y,3,Very High,,6230.92547372,,,LRA,639824.043542575,8198.2505935217
733,LRA, ,3,Very High,,4695.40597015,,,LRA,422457.199102625,5700.61312203166
734,LRA, ,3,Very High,,26609.6392809,,,LRA,14407882.5524143,32280.9898010077
735,LRA,Y,3,Very High,,3644.31198416,,,LRA,115898.97605048,4791.67111999318
736,LRA,Y,3,Very High,,5204.68016205,,,LRA,1223870.65939558,6851.16805726019
737,LRA,Y,3,Very High,,5175.6262822,,,LRA,435981.235892865,6807.67107353429
738,LRA, ,3,Very High,,3373.90962951,,,LRA,774015.104174475,4113.62909420182
739,LRA, ,3,Very High,,7486.22247297,,,LRA,916993.15324086,9142.83551609459
740,LRA,Y,3,Very High,,30480.8028812,,,LRA,17625282.8257646,36996.4641677009
741,LRA,Y,3,Very High,,11703.5711886,,,LRA,3701172.45616601,14208.7346568571
742,LRA,Y,3,Very High,,2214.64841657,,,LRA,122148.04327759,2693.17773656972
743,LRA,Y,3,Very High,,1549.76474036,,,LRA,45323.83060001,1886.40281134654
744,LRA,Y,3,Very High,,12657.3978767,,,LRA,4206596.31269899,15945.6866615893
745,LRA,Y,3,Very High,,10902.6746755,,,LRA,2838834.06110836,13846.7679618012
746,LRA,Y,3,Very High,,487.66346938,,,LRA,10180.521484525,618.957347459217
747,LRA,Y,3,Very High,,198.42666044,,,LRA,3525.794610195,251.854026813756
748,LRA, ,3,VERY HIGH,,2262.36290956,,,LRA,327371.65083437,2737.60342528153
749,LRA, ,3,VERY HIGH,,12240.8076749,,,LRA,3208872.89422026,14806.98049923
750,LRA, ,3,VERY HIGH,,904.7533138,,,LRA,41354.368256405,1094.64580096956
751,LRA, ,3,VERY HIGH,,1244.26541642,,,LRA,47666.228355045,1505.32022681531
752,LRA, ,3,VERY HIGH,,4092.40229658,,,LRA,901133.709071855,4954.20111454157
753,LRA, ,3,VERY HIGH,,1105.18408342,,,LRA,41827.03185175,1338.0074523054
754,LRA, ,3,VERY HIGH,,1483.07098936,,,LRA,40896.329375445,1793.88812627995
755,LRA,Y,3,Very High,,5935.91955686,,,LRA,2401956.06485594,7813.65350366302
756,LRA, ,3,Very High,,2771.79055161,,,LRA,330208.716467555,3704.2774428745
757,LRA, ,3,Very High,,1340.7277064,,,LRA,64915.127754435,1794.60091840261
758,LRA, ,3,Very High,,30377.5387768,,,LRA,4104051.63203109,40652.6867303843
759,LRA, ,3,Very High,,1262.35582625,,,LRA,155410.301873395,1694.65746634193
760,LRA, ,3,Very High,,1066.75714679,,,LRA,77590.160552825,1434.71248552661
761,LRA, ,3,Very High,,966.33656167,,,LRA,50018.438529525,1297.61869969101
762,LRA, ,3,Very High,,1937.87897665,,,LRA,131612.243167895,2602.24843803325
763,LRA, ,3,Very High,,859.85201456,,,LRA,53169.843361015,1157.09327408634
764,LRA, ,3,Very High,,1460.64665114,,,LRA,88059.52919454,1964.34621066675
765,LRA, ,3,Very High,,1252.9511497,,,LRA,154991.870758325,1684.90302003907
766,LRA, ,3,Very High,,668.18464809,,,LRA,49322.488389935,899.176190795571
767,LRA, ,3,Very High,,3627.79750072,,,LRA,310253.01764935,4880.89148587876
768,LRA, ,3,Very High,,699.12143977,,,LRA,42150.391012125,940.741254639195
769,LRA, ,3,Very High,,1546.37054218,,,LRA,76519.831384675,2079.68827770693
770,LRA, ,3,Very High,,1846.19221972,,,LRA,95419.92266804,2483.09878148987
771,LRA, ,3,Very High,,2096.97467477,,,LRA,183060.82341308,2801.14054288029
772,LRA, ,3,Very High,,1011.98480316,,,LRA,98107.321815785,1348.93771929232
773,LRA, ,3,Very High,,12827.4269351,,,LRA,2944828.59880216,17131.5383914996
774,LRA, ,3,Very High,,7611.20547571,,,LRA,2106104.06994516,10172.4577895423
775,LRA, ,3,Very High,,1252.17746134,,,LRA,46131.426074235,1673.13843632634
776,LRA, ,3,Very High,,4062.25598183,,,LRA,898893.942117385,5432.55285131582
777,LRA, ,3,Very High,,3420.85918898,,,LRA,332081.883412595,4587.27889469887
778,LRA, ,3,Very High,,4867.54289342,,,LRA,498107.470194985,6514.84081980594
779,LRA, ,3,Very High,,2630.47182943,,,LRA,495404.848649185,3459.83074502199
780,LRA, ,3,Very High,,9415.41537046,,,LRA,983231.05894286,12388.4639063613
781,LRA, ,3,Very High,,1107.55291015,,,LRA,107573.72817298,1457.10003201451
782,LRA, ,3,Very High,,14197.6107502,,,LRA,3277820.71408051,18674.3737934422
783,LRA, ,3,Very High,,3846.71992007,,,LRA,1242638.58829025,5064.65927770965
784,LRA, ,3,Very High,,9490.40003395,,,LRA,2626952.81894187,12503.7235308166
785,LRA, ,3,Very High,,5187.81267822,,,LRA,700667.02994364,6835.49157782715
786,LRA, ,3,Very High,,1025.18424737,,,LRA,68310.11970151,1351.50028765549
787,LRA, ,3,Very High,,1594.899926,,,LRA,216931.930444195,2101.05600365912
788,LRA, ,3,Very High,,7954.84935768,,,LRA,1979613.26004846,10495.3499747959
789,LRA, ,3,Very High,,1491.32913188,,,LRA,144964.1436953,1967.12202033513
790,LRA, ,3,Very High,,3126.36614104,,,LRA,542607.58408894,4144.06500462044
791,LRA, ,3,Very High,,1929.40760782,,,LRA,81452.352577725,2559.86914563668
792,LRA, ,3,Very High,,1201.36944514,,,LRA,153587.337250715,1593.87580356815
793,LRA, ,3,Very High,,2418.66275653,,,LRA,107840.49751668,3213.10478138155
794,LRA, ,3,Very High,,4735.13577171,,,LRA,1681972.86124513,6279.6623979055
795,LRA, ,3,Very High,,1292.13602583,,,LRA,41836.332712125,1718.82233356312
796,LRA, ,3,Very High,,1609.43704673,,,LRA,285376.476255675,2137.25685783416
797,LRA, ,3,Very High,,1704.10049265,,,LRA,319438.63818258,2264.62565958048
798,LRA, ,3,Very High,,1520.67546228,,,LRA,253925.24501462,2021.05837971265
799,LRA, ,3,Very High,,2319.42429436,,,LRA,540846.825885665,3080.01461533231
800,LRA,Y,3,Very High,,8499.08298214,,,LRA,4930970.41105979,11169.8948009537
801,LRA,Y,3,Very High,,8366.0907154,,,LRA,1951776.6227976,10997.6244655813
802,LRA,Y,3,Very High,,820.83901993,,,LRA,53675.82553798,1079.75431534049
803,LRA,Y,3,Very High,,1996.3980559,,,LRA,176276.787630985,2626.53680514654
804,LRA,Y,3,Very High,,1759.72985768,,,LRA,119318.869055425,2315.26572468962
805,LRA,Y,3,Very High,,1460.43874656,,,LRA,99745.52362333,1923.14083154806
806,LRA,Y,3,Very High,,4623.36341073,,,LRA,949845.272060535,6170.77324434606
807,LRA,Y,3,Very High,,3578.92795029,,,LRA,489559.580882205,4780.1425065316
808,LRA,Y,3,Very High,,6713.7276995,,,LRA,1202695.17517779,8983.79671065314
809,LRA,Y,3,Very High,,6295.03406853,,,LRA,1357425.52069324,8291.56592927026
810,LRA,Y,3,Very High,,1084.56875503,,,LRA,111685.861371875,1428.77273671042
811,LRA,Y,3,Very High,,57955.7781718,,,LRA,40970032.6200091,76325.6002719361
812,LRA,Y,3,Very High,,32209.5751139,,,LRA,13535116.8841227,42451.2824464317
813,LRA,Y,3,Very High,,8950.68918603,,,LRA,2267453.47813438,11798.1038301457
814,LRA,Y,3,Very High,,128037.748343,,,LRA,77678026.9518338,168850.791983806
815,LRA, ,3,Very High,,1585.86558708,,,LRA,278096.455116005,2109.42902537887
816,LRA, ,3,Very High,,2178.19600457,,,LRA,338140.128600285,2901.28122083376
817,LRA, ,3,Very High,,1615.43532593,,,LRA,288753.122582945,2150.1603034756
818,LRA, ,3,Very High,,845.37072178,,,LRA,49112.202346225,1128.11759623165
819,LRA, ,3,Very High,,799.32900847,,,LRA,46916.47739016,1065.40113668531
820,LRA, ,3,Very High,,12317.4357525,,,LRA,7499586.21038639,16441.8786030941
821,LRA, ,3,Very High,,1393.70070868,,,LRA,187663.998404755,1856.70246982434
822,LRA, ,3,Very High,,1511.98114181,,,LRA,252179.80421769,2015.66120988286
823,LRA, ,3,Very High,,1038.80777762,,,LRA,78345.49061354,1386.22971548232
824,LRA, ,3,Very High,,764.9958907,,,LRA,47632.82480005,1019.70238874299
825,LRA, ,3,VERY HIGH,,1496.29877902,,,LRA,70402.33055332,1815.28217674693
826,LRA, ,3,VERY HIGH,,1522.84919924,,,LRA,135776.562910045,1844.83409606688
827,LRA, ,3,VERY HIGH,,2760.20104463,,,LRA,261921.536055975,3342.77225331606
828,LRA, ,3,VERY HIGH,,3502.1615475,,,LRA,237507.17947321,4244.86712892806
829,LRA, ,3,VERY HIGH,,1149.34029026,,,LRA,86965.17358566,1393.58918114732
830,LRA, ,3,VERY HIGH,,2066.7111483,,,LRA,54297.917917705,2508.60119723604
831,LRA, ,3,VERY HIGH,,6565.06701831,,,LRA,916593.30992242,7961.814249954
832,LRA, ,3,VERY HIGH,,2122.55587421,,,LRA,187594.896376755,2573.15029343514
833,LRA, ,3,VERY HIGH,,1368.11312885,,,LRA,106034.08141696,1656.00760512267
834,LRA, ,3,VERY HIGH,,6253.92308074,,,LRA,799606.00254268,7570.64292343764
835,LRA, ,3,VERY HIGH,,6021.96694206,,,LRA,1208362.60309693,7291.37776202889
836,LRA, ,3,VERY HIGH,,1094.63058443,,,LRA,50073.70680694,1325.66124720973
837,LRA, ,3,VERY HIGH,,1658.30492462,,,LRA,98212.411207525,2007.76667873192
838,LRA, ,3,VERY HIGH,,8408.03748843,,,LRA,1314742.79619247,10184.0024261153
839,LRA, ,3,VERY HIGH,,1005.5970381,,,LRA,77920.593525075,1217.99679753743
840,LRA, ,3,VERY HIGH,,2111.53603742,,,LRA,212337.732994595,2557.38408141735
841,LRA, ,3,VERY HIGH,,2730.27067011,,,LRA,114909.282026775,3308.28372242788
842,LRA, ,3,VERY HIGH,,773.46361233,,,LRA,53042.04197055,937.445198195006
843,LRA, ,3,VERY HIGH,,795.81675395,,,LRA,46298.84162216,964.320938543051
844,LRA, ,3,VERY HIGH,,3233.98581943,,,LRA,134922.722590475,3919.38735765424
845,LRA, ,3,VERY HIGH,,3393.51010203,,,LRA,592073.5353328,4113.8800867478
846,LRA, ,3,VERY HIGH,,2473.50951014,,,LRA,170412.64430497,3000.01604148287
847,LRA, ,3,VERY HIGH,,3427.03854455,,,LRA,102567.433692985,4151.12800155369
848,LRA, ,3,Very High,,1414.76341918,,,LRA,66828.844996,1899.87275026486
849,LRA, ,3,Very High,,2274.1257384,,,LRA,259473.192001545,3064.84588157195
850,LRA,Y,3,Very High,,24879.205513,,,LRA,7839890.14111002,33121.8445083303
851,LRA,Y,3,Very High,,24604.8221429,,,LRA,6695677.18553253,32767.6669674482
852,LRA,Y,3,Very High,,10614.0025043,,,LRA,5118635.78088277,14151.9305096048
853,LRA,Y,3,Very High,,18562.2115927,,,LRA,6107279.74398419,24776.0947083406
854,LRA,Y,3,Very High,,2797.70095155,,,LRA,673824.371214455,3743.68665817351
855,LRA,Y,3,Very High,,8558.02923176,,,LRA,1857932.48247198,11462.7237152598
856,LRA,Y,3,Very High,,8663.66837625,,,LRA,2384999.14847321,11616.371952642
857,LRA,Y,3,Very High,,6001.51862151,,,LRA,701761.91667832,8048.6628729786
858,LRA,Y,3,Very High,,13765.6680065,,,LRA,5174988.42171027,17585.3937155974
859,LRA,Y,3,Very High,,3642.40189736,,,LRA,858645.05578495,4654.08996296645
860,LRA,Y,3,Very High,,9502.37308646,,,LRA,3612570.5263801,12146.6669264803
861,LRA,Y,3,Very High,,9273.70786346,,,LRA,1285688.28083203,11856.3171552076
862,LRA,Y,3,Very High,,2366.19267555,,,LRA,381813.23821493,3037.09626565801
863,LRA,Y,3,Very High,,2136.13373989,,,LRA,119822.884779205,2743.98057857991
864,LRA,Y,3,Very High,,48567.4002294,,,LRA,74206882.9386032,63217.8880753333
865,LRA,Y,3,VERY HIGH,,8252.37376241,,,LRA,1831852.74259333,9993.32449691263
866,LRA,Y,3,VERY HIGH,,1731.02201708,,,LRA,99381.01675795,2097.88890399692
867,LRA,Y,3,VERY HIGH,,4196.51360944,,,LRA,425149.949043885,5082.83736714187
868,LRA,Y,3,VERY HIGH,,3562.52616445,,,LRA,257663.37021558,4313.66389271138
869,LRA,Y,3,VERY HIGH,,2128.83757131,,,LRA,124969.60068714,2579.76930938701
870,LRA,Y,3,VERY HIGH,,50309.9347808,,,LRA,13547389.5500099,60959.4290932267
871,LRA,Y,3,Very High,,3590.35039153,,,LRA,247177.809685165,4678.07058006567
872,LRA,Y,3,Very High,,3201.3093281,,,LRA,559363.55988582,4171.43918310715
873,LRA,Y,3,Very High,,10099.2957992,,,LRA,3657914.05392403,13239.3608111485
874,LRA, ,3,Very High,,3470.8037824,,,LRA,446313.230754625,4406.52302424886
875,LRA, ,3,Very High,,5265.24709663,,,LRA,1116026.88085864,6684.52062672769
876,LRA,Y,3,Very High,,14976.1321948,,,LRA,7277316.95211552,19015.9530251484
877,LRA, ,3,VERY HIGH,,1002.95635496,,,LRA,45097.969008335,1215.06567731361
878,LRA, ,3,VERY HIGH,,15892.6532061,,,LRA,4144246.78675718,19233.5761853041
879,LRA, ,3,VERY HIGH,,12413.2243366,,,LRA,3295544.07696277,15026.2279842546
880,LRA, ,3,VERY HIGH,,1290.0756491,,,LRA,161650.27561696,1561.89638274535
881,LRA, ,3,VERY HIGH,,12185.8853351,,,LRA,2503300.17512986,14747.0066666449
882,LRA, ,3,VERY HIGH,,970.2694277,,,LRA,63454.233671915,1176.43132480979
883,LRA, ,3,VERY HIGH,,1953.54001531,,,LRA,180025.505452515,2366.84335638984
884,LRA,Y,3,Very High,,45177.6040905,,,LRA,23464778.7026212,57954.3353062471
885,LRA,Y,3,Very High,,71002.6133574,,,LRA,36259204.3318714,91342.8935669673
886,LRA, ,3,Very High,,4636.66335895,,,LRA,712365.72670582,5884.63909605876
887,LRA, ,3,Very High,,745.3971772,,,LRA,33455.0970688,946.039314173784
888,LRA, ,3,Very High,,8445.24638807,,,LRA,2155721.92850837,10722.9643571468
889,LRA,Y,3,Very High,,1724.53193917,,,LRA,205558.36347289,2184.43532173268
890,LRA,Y,3,Very High,,1342.89812235,,,LRA,47522.09205042,1701.20255517441
891,LRA,Y,3,VERY HIGH,,2472.99766027,,,LRA,249699.267496985,2997.03110430107
892,LRA, ,3,Very High,,2746.11891736,,,LRA,242578.229046725,3484.56646864615
893,LRA, ,3,Very High,,726.02591143,,,LRA,34594.96134072,920.872147905392
894,LRA, ,3,Very High,,1780.3866762,,,LRA,161510.88703765,2255.43566187442
895,LRA, ,3,Very High,,27444.8516583,,,LRA,5537506.34319644,34770.9581115088
896,LRA, ,3,Very High,,19269.5725208,,,LRA,3613794.51874282,24422.9219773448
897,LRA, ,3,Very High,,7919.64987292,,,LRA,3825821.89323326,10045.9321105555
898,LRA, ,3,Very High,,4514.90532273,,,LRA,1277767.43664386,5730.46426433888
899,LRA,Y,3,VERY HIGH,,365417.44097,,,LRA,261764627.623935,442473.279279139
900,LRA,Y,3,VERY HIGH,,799.54753112,,,LRA,38308.211478365,969.487197636107
901,LRA,Y,3,VERY HIGH,,1748.12826941,,,LRA,248684.00557493,2119.58842463046
902,LRA,Y,3,VERY HIGH,,7468.03871029,,,LRA,1125756.55080379,9060.53519299353
903,LRA,Y,3,Very High,,3360.65322336,,,LRA,205858.989911425,4271.70530006376
904,LRA,Y,3,Very High,,4235.01768476,,,LRA,1150127.5004041,5383.7733858172
905,LRA,Y,3,Very High,,1283.9375743,,,LRA,154564.79503009,1632.41413067588
906,LRA,Y,3,Very High,,4559.38515244,,,LRA,1008775.95426121,5797.57930585652
907,LRA, ,3,Very High,,3878.23638223,,,LRA,885108.986036635,4921.04157170827
908,LRA, ,3,VERY HIGH,,2023.08647469,,,LRA,94374.39380902,2452.84676244276
909,LRA, ,3,VERY HIGH,,1938.14167925,,,LRA,88008.63846206,2349.772871358
910,LRA, ,3,VERY HIGH,,1151.06314495,,,LRA,92310.939399415,1394.7491048578
911,LRA, ,3,VERY HIGH,,4127.52135112,,,LRA,1344252.84704718,5004.61009422189
912,LRA, ,3,VERY HIGH,,975.72316038,,,LRA,34772.748450675,1183.47003365031
913,LRA, ,3,VERY HIGH,,1218.63853998,,,LRA,91135.396494605,1478.15353378618
914,LRA, ,3,VERY HIGH,,973.82376278,,,LRA,41340.92253182,1182.0555143296
915,LRA, ,3,VERY HIGH,,1572.28226311,,,LRA,46697.32092952,1906.82633106819
916,LRA, ,3,VERY HIGH,,1002.75735373,,,LRA,47780.079714775,1216.95829023088
917,LRA, ,3,VERY HIGH,,20077.6864723,,,LRA,3053319.13453617,24357.4550129685
918,LRA, ,3,VERY HIGH,,5893.92655394,,,LRA,661416.041418075,7141.79643278656
919,LRA, ,3,VERY HIGH,,30064.8839504,,,LRA,1365136.10957064,36442.8020634265
920,LRA, ,3,VERY HIGH,,4636.58121405,,,LRA,480382.53455071,5622.20616742496
921,LRA, ,3,VERY HIGH,,3252.32732459,,,LRA,279194.48557819,3943.37778675575
922,LRA, ,3,VERY HIGH,,4786.98172574,,,LRA,477998.625862905,5806.49616417494
923,LRA, ,3,VERY HIGH,,919.30771962,,,LRA,64202.87705731,1115.07748824949
924,LRA, ,3,VERY HIGH,,2132.71678605,,,LRA,109771.46210197,2586.99193792163
925,LRA, ,3,VERY HIGH,,1286.51938688,,,LRA,73755.458992,1560.90288126453
926,LRA, ,3,VERY HIGH,,3523.28916498,,,LRA,410320.203898475,4278.84549803554
927,LRA, ,3,VERY HIGH,,3630.16315727,,,LRA,192966.007350065,4409.90715135366
928,LRA, ,3,VERY HIGH,,2983.00929983,,,LRA,372187.64436411,3621.63025064553
929,LRA, ,3,VERY HIGH,,1983.08069878,,,LRA,203077.909638155,2408.15981675993
930,LRA, ,3,VERY HIGH,,2602.25336286,,,LRA,312024.99465049,3160.20444127901
931,LRA,Y,3,VERY HIGH,,33939.3533622,,,LRA,25420474.6678899,41061.7899258693
932,LRA,Y,3,Very High,,21145.3729132,,,LRA,5202407.22166395,26855.7939996458
933,LRA,Y,3,VERY HIGH,,3172.10780196,,,LRA,387522.90083754,3841.7108747436
934,LRA,Y,3,VERY HIGH,,1994.99087341,,,LRA,158963.287218895,2415.59393628446
935,LRA,Y,3,Very High,,11661.0868232,,,LRA,5136012.9833097,14802.9658104024
936,LRA,Y,3,Very High,,2004.47355151,,,LRA,129687.97497827,2545.12332580239
937,LRA,Y,3,Very High,,949.77970911,,,LRA,60852.36247366,1206.23438483053
938,LRA,Y,3,Very High,,1963.8026546,,,LRA,146183.41660261,2519.09393084084
939,LRA,Y,3,VERY HIGH,,1308.86204668,,,LRA,125763.9706602,1588.66881602022
940,LRA,Y,3,VERY HIGH,,2668.74044282,,,LRA,238342.214464925,3236.09976867425
941,LRA,Y,3,VERY HIGH,,8104.71371803,,,LRA,1566080.83692443,9835.2412713095
942,LRA,Y,3,VERY HIGH,,2862.81581779,,,LRA,231728.075241115,3475.68578067118
943,LRA,Y,3,VERY HIGH,,11897.999169,,,LRA,3173256.59243356,14443.4158563301
944,LRA, ,3,Very High,,406.82708758,,,LRA,13373.20878859,492.716830014554
945,LRA,Y,3,Very High,,662.16504799,,,LRA,24423.888731065,801.043612925844
946,LRA, ,3,Very High,,271.60795847,,,LRA,6681.16991297,328.759774868116
947,LRA,Y,3,VERY HIGH,,1833.49858783,,,LRA,95057.783454555,2220.12118054132
948,LRA,Y,3,Very High,,2031.99902264,,,LRA,280526.34001817,2582.17931966546
949,LRA,Y,3,Very High,,6258.24494952,,,LRA,1636887.88083357,7930.10015677614
950,LRA,Y,3,Very High,,6702.68617823,,,LRA,2561483.93466047,8493.00111324028
951,LRA,Y,3,Very High,,6480.11171664,,,LRA,693312.83239052,8211.48548124926
952,LRA,Y,3,Very High,,2210.64495996,,,LRA,378528.42653234,2801.57452775925
953,LRA,Y,3,Very High,,5615.10219881,,,LRA,475691.89459533,7118.45729766712
954,LRA,Y,3,Very High,,11419.8651847,,,LRA,4948116.61518392,14480.1267485814
955,LRA,Y,3,Very High,,69015.1527108,,,LRA,38349900.0348851,87535.1806963852
956,LRA,Y,3,Very High,,1951.89654941,,,LRA,227042.13898526,2477.09583009463
957,LRA,Y,3,Very High,,4457.03281328,,,LRA,404905.156545,5658.0354500816
958,LRA,Y,3,Very High,,32820.8620882,,,LRA,30019903.5382038,41649.2934398398
959,LRA,Y,3,Very High,,602.66210269,,,LRA,34237.739334865,765.219826725821
